day,home,inpatient_ward,intensive_care_unit,death,recovered
0,980,28,8,0,45
1,971,31,11,0,58
2,955,37,12,0,59
3,934,41,16,0,60
4,892,52,20,0,69
5,850,59,21,0,71
6,817,71,16,0,59
7,793,76,16,1,47
8,761,73,18,1,58
9,728,72,20,0,55
10,691,67,21,0,60
11,639,65,21,0,72
12,587,63,25,0,65
13,543,61,24,1,59
0,970,29,9,1,52
1,973,30,11,0,49
2,961,33,12,0,58
3,932,45,14,0,62
4,897,50,18,0,68
5,864,57,17,0,64
6,828,63,19,0,61
7,787,71,22,0,59
8,734,66,33,0,73
9,696,60,41,1,58
10,652,62,41,3,58
11,602,69,39,0,63
12,556,68,42,0,59
13,502,73,40,1,63
0,978,33,9,0,41
1,975,37,10,1,52
2,950,45,11,0,66
3,915,50,17,0,71
4,883,56,20,0,65
5,849,58,21,0,68
6,817,63,22,0,59
7,793,58,26,1,53
8,742,68,30,0,63
9,705,69,34,0,55
10,650,72,35,0,70
11,596,76,37,1,65
12,559,72,37,0,56
13,521,79,32,0,49
0,978,31,6,0,46
1,986,32,10,0,42
2,957,42,15,0,64
3,919,49,17,0,76
4,866,61,17,0,83
5,835,65,17,0,64
6,801,72,20,0,57
7,786,69,25,0,42
8,751,70,31,0,54
9,706,68,29,0,72
10,645,71,31,2,73
11,605,72,32,1,55
12,563,79,30,0,52
13,526,75,34,1,49
0,978,24,8,0,51
1,965,32,12,0,56
2,960,40,11,0,48
3,927,46,10,1,74
4,889,52,15,0,69
5,847,60,14,0,72
6,809,60,22,0,63
7,790,58,24,1,47
8,753,56,27,1,61
9,713,56,27,1,62
10,670,56,25,1,63
11,630,53,26,0,60
12,588,47,31,1,57
13,548,54,30,0,47
0,973,31,8,0,49
1,983,33,9,0,42
2,971,35,12,0,57
3,946,43,11,1,64
4,908,46,15,0,73
5,848,69,13,0,76
6,817,73,14,0,59
7,800,65,21,1,46
8,777,64,18,1,52
9,739,57,19,0,67
10,696,57,23,0,58
11,640,61,26,0,67
12,586,60,29,1,66
13,545,62,31,1,49
0,980,26,8,0,47
1,975,40,7,0,47
2,941,49,11,0,71
3,915,53,11,1,68
4,888,56,15,1,61
5,860,47,22,0,67
6,823,46,23,0,70
7,782,48,24,0,67
8,743,58,19,1,59
9,692,58,24,0,69
10,655,60,22,1,55
11,615,64,25,1,50
12,572,52,29,0,66
13,541,52,30,0,43
0,989,23,8,0,41
1,987,27,12,0,49
2,955,39,13,0,69
3,932,40,14,0,68
4,896,47,14,1,70
5,860,54,13,0,67
6,831,56,13,2,58
7,792,54,18,1,64
8,757,54,18,0,61
9,723,48,19,0,62
10,666,50,22,2,69
11,603,58,22,1,72
12,547,60,23,0,68
13,522,61,29,0,31
0,995,27,6,0,33
1,992,34,6,0,51
2,964,40,4,1,73
3,946,45,7,0,57
4,909,54,10,1,66
5,878,58,12,0,62
6,841,62,12,0,66
7,812,57,17,0,58
8,771,52,26,0,63
9,731,56,26,0,59
10,682,58,28,1,63
11,624,58,35,1,68
12,574,62,34,0,62
13,525,61,32,0,65
0,987,30,9,0,35
1,982,35,10,0,54
2,952,43,14,0,68
3,915,47,16,0,78
4,886,51,17,0,66
5,870,53,15,1,52
6,846,52,16,1,56
7,815,50,19,0,59
8,774,51,22,0,63
9,739,48,27,0,56
10,679,51,24,1,78
11,636,56,22,0,58
12,580,68,23,0,58
13,531,74,26,2,51
0,983,27,8,0,43
1,986,35,10,0,42
2,961,40,13,1,66
3,936,46,18,0,61
4,900,46,20,1,75
5,861,54,20,0,68
6,837,56,20,0,55
7,806,57,21,1,57
8,765,54,20,0,71
9,723,56,24,0,59
10,673,59,23,0,67
11,628,62,24,0,59
12,579,65,21,0,64
13,524,67,20,0,67
0,980,31,4,0,46
1,975,36,2,0,57
2,957,44,3,0,59
3,932,48,6,0,65
4,894,54,10,0,70
5,847,61,16,0,71
6,821,64,14,1,57
7,804,60,18,0,46
8,767,46,23,0,72
9,710,42,24,1,82
10,658,49,25,0,63
11,613,52,25,0,60
12,565,58,24,0,58
13,528,57,27,0,48
0,983,23,12,0,43
1,972,32,13,0,56
2,953,42,16,0,56
3,937,46,14,0,61
4,894,59,13,1,72
5,866,60,11,0,66
6,830,62,11,1,66
7,798,61,18,0,55
8,749,66,19,1,68
9,695,65,26,0,71
10,660,69,29,3,44
11,599,74,32,2,69
12,556,80,29,0,55
13,515,73,33,0,57
0,972,30,9,0,50
1,980,38,10,1,37
2,956,48,11,1,62
3,927,53,12,0,70
4,880,61,12,1,80
5,848,63,12,0,67
6,816,71,15,0,54
7,778,75,15,0,63
8,755,74,19,0,46
9,708,70,23,1,69
10,659,70,26,2,63
11,600,71,30,1,71
12,558,76,28,0,54
13,529,71,30,0,45
0,973,23,8,0,57
1,977,33,8,0,41
2,954,39,10,0,65
3,930,52,11,0,57
4,895,62,12,0,66
5,859,65,14,0,68
6,828,67,15,0,61
7,814,62,20,0,43
8,775,63,20,1,63
9,738,67,14,0,62
10,678,67,18,3,72
11,628,62,24,1,66
12,580,63,26,1,59
13,535,56,28,2,61
0,977,28,8,0,48
1,970,33,12,0,53
2,955,41,17,0,52
3,924,47,17,0,72
4,879,60,18,0,73
5,850,67,17,0,60
6,833,63,17,0,54
7,805,62,20,0,55
8,771,62,26,0,54
9,720,71,31,0,60
10,681,70,31,0,59
11,637,71,35,1,56
12,582,70,37,0,69
13,551,67,34,1,49
0,978,24,7,1,51
1,978,21,10,0,55
2,973,24,13,0,49
3,929,38,12,0,78
4,898,40,16,0,67
5,870,46,15,0,60
6,831,58,11,0,64
7,794,61,16,1,57
8,762,60,19,1,55
9,706,62,24,0,72
10,660,62,27,1,61
11,601,66,29,0,71
12,550,64,31,1,65
13,510,69,33,0,46
0,989,23,9,0,40
1,982,28,11,0,55
2,962,38,13,1,57
3,936,46,13,0,65
4,898,50,17,2,70
5,866,53,21,0,62
6,832,58,24,0,59
7,794,63,24,1,61
8,753,58,28,1,67
9,709,61,26,0,66
10,669,61,29,0,56
11,626,59,33,0,59
12,587,56,36,0,54
13,549,63,33,0,47
0,978,27,7,0,49
1,971,31,8,0,57
2,958,34,9,0,59
3,920,34,12,0,82
4,879,38,19,0,72
5,847,49,20,0,57
6,798,55,20,0,76
7,770,64,21,0,47
8,745,62,24,0,50
9,706,70,27,0,51
10,663,75,28,0,56
11,628,75,30,1,50
12,579,71,32,1,65
13,536,68,33,0,58
0,991,27,7,0,36
1,995,33,7,0,45
2,968,38,12,0,67
3,933,44,14,0,74
4,900,54,16,0,63
5,859,64,20,0,64
6,827,69,24,0,56
7,798,71,29,0,51
8,770,78,27,0,49
9,733,72,33,0,60
10,679,62,38,0,78
11,631,64,44,0,58
12,559,70,49,0,76
13,515,73,48,1,54
0,985,26,7,0,43
1,967,31,10,0,65
2,956,30,12,0,60
3,933,41,11,1,59
4,896,47,15,0,69
5,864,49,14,0,68
6,827,56,13,0,64
7,806,60,13,0,46
8,761,60,17,2,65
9,720,70,19,0,52
10,669,73,19,2,65
11,607,75,21,1,75
12,556,74,27,1,60
13,515,73,33,0,49
0,982,26,12,0,41
1,978,34,15,0,48
2,963,48,15,0,51
3,928,57,18,1,69
4,897,65,19,0,64
5,857,61,19,1,80
6,823,68,22,1,56
7,796,67,25,1,53
8,770,66,26,0,52
9,726,67,25,1,66
10,683,68,28,0,58
11,629,56,33,2,77
12,583,58,34,0,58
13,537,64,28,0,59
0,981,28,10,0,42
1,994,32,12,0,36
2,978,37,13,0,60
3,947,41,14,0,73
4,908,49,15,0,72
5,857,59,15,1,77
6,837,61,14,0,52
7,811,55,18,1,56
8,773,60,20,1,56
9,731,56,28,0,61
10,673,64,30,2,65
11,613,68,31,0,73
12,573,71,31,0,52
13,530,68,32,0,58
0,994,21,6,1,39
1,990,26,6,0,54
2,973,36,6,0,57
3,948,43,8,0,63
4,913,48,8,0,72
5,876,50,9,0,71
6,843,51,13,0,61
7,795,55,15,1,70
8,757,55,16,1,62
9,722,59,19,0,51
10,669,67,20,0,63
11,620,73,19,0,62
12,581,65,21,0,60
13,544,56,25,1,54
0,987,26,8,0,40
1,983,37,10,0,46
2,964,38,12,1,65
3,933,41,16,0,71
4,882,52,18,1,79
5,848,55,19,0,67
6,822,56,21,0,56
7,787,58,25,0,58
8,754,54,28,0,60
9,710,61,30,0,58
10,660,66,27,0,67
11,604,77,29,0,61
12,543,72,39,0,71
13,504,75,40,0,48
0,992,30,7,0,32
1,975,31,9,0,69
2,958,41,10,0,56
3,935,41,14,0,66
4,902,44,19,0,67
5,863,50,21,0,68
6,838,44,28,0,57
7,805,52,28,0,54
8,769,66,20,0,56
9,723,71,22,0,62
10,678,67,25,1,64
11,632,58,33,0,65
12,582,56,38,0,62
13,539,56,42,0,52
0,983,25,9,0,44
1,974,34,9,0,55
2,960,43,8,1,55
3,930,49,14,0,65
4,902,52,15,0,66
5,857,55,13,0,81
6,824,56,18,0,60
7,780,48,22,0,77
8,746,47,27,0,56
9,713,50,28,0,52
10,672,56,26,0,56
11,634,58,21,0,59
12,575,58,26,0,69
13,536,60,25,0,51
0,978,28,9,0,46
1,989,30,8,0,43
2,966,38,10,0,63
3,950,47,10,0,54
4,921,49,14,0,65
5,877,57,15,1,71
6,832,60,18,2,70
7,794,67,19,1,58
8,748,73,20,0,65
9,710,68,25,0,61
10,660,60,33,0,69
11,614,63,35,0,59
12,559,64,40,0,64
13,516,68,41,1,50
0,980,25,8,1,47
1,976,35,10,0,47
2,963,45,12,0,51
3,922,57,10,0,78
4,891,59,14,1,66
5,856,56,17,1,71
6,820,61,14,1,66
7,787,62,15,0,60
8,742,65,18,1,64
9,704,62,21,1,60
10,665,61,30,1,49
11,627,60,31,2,54
12,579,61,34,1,58
13,537,56,36,0,58
0,994,25,7,0,35
1,989,29,8,0,55
2,961,35,10,0,70
3,931,44,9,0,69
4,894,52,11,0,69
5,865,52,11,0,66
6,836,49,18,0,58
7,802,52,20,1,57
8,766,54,22,0,58
9,711,61,19,0,74
10,672,64,19,0,55
11,636,62,22,0,53
12,598,59,25,0,53
13,557,61,29,2,46
0,970,26,7,0,58
1,970,34,9,1,44
2,950,51,8,0,54
3,926,56,10,0,64
4,891,56,20,0,67
5,854,61,21,0,68
6,813,67,26,1,62
7,795,76,23,0,41
8,758,68,31,1,62
9,704,77,29,0,70
10,663,83,28,0,55
11,613,75,37,0,67
12,584,67,37,0,52
13,546,60,43,1,51
0,982,26,8,0,45
1,992,32,11,0,36
2,965,46,12,0,62
3,931,52,12,1,74
4,890,59,14,1,73
5,862,56,17,2,63
6,838,60,17,1,52
7,809,59,20,0,56
8,760,62,19,0,73
9,716,54,25,0,69
10,673,53,25,0,63
11,628,61,25,0,55
12,571,66,29,0,63
13,541,63,37,1,37
0,989,22,8,0,42
1,995,29,14,0,36
2,969,37,15,0,67
3,942,41,19,1,65
4,906,44,22,0,72
5,859,54,23,0,73
6,813,66,21,0,69
7,785,74,19,1,50
8,763,75,15,0,51
9,730,73,20,1,52
10,669,76,28,0,69
11,619,72,31,1,68
12,568,71,34,0,64
13,519,75,33,0,59
0,983,29,9,0,40
1,987,33,10,0,46
2,974,39,9,1,57
3,939,49,12,0,69
4,890,57,13,0,82
5,862,62,15,0,58
6,833,60,19,1,59
7,800,65,21,1,54
8,778,60,27,1,46
9,738,63,34,0,53
10,688,73,35,0,58
11,635,79,36,1,63
12,594,74,37,0,60
13,542,69,40,1,66
0,987,28,7,0,39
1,985,39,5,0,48
2,973,45,5,0,56
3,937,54,6,0,73
4,909,59,8,0,63
5,851,62,17,1,82
6,820,68,21,1,53
7,776,69,24,0,69
8,757,68,25,0,45
9,722,61,28,0,62
10,679,56,32,1,62
11,637,60,35,1,52
12,581,59,31,1,75
13,541,62,31,1,49
0,987,32,5,1,36
1,992,38,7,0,42
2,965,42,12,0,68
3,927,50,14,0,75
4,893,55,15,1,69
5,856,67,18,0,59
6,807,74,21,0,72
7,781,78,26,0,46
8,744,73,33,0,61
9,690,72,33,0,78
10,651,71,36,1,55
11,609,65,39,0,63
12,565,66,42,0,55
13,525,63,44,0,54
0,970,29,7,0,55
1,966,38,12,1,44
2,941,46,15,0,64
3,908,54,16,0,71
4,876,64,11,0,69
5,851,61,15,0,61
6,833,58,19,0,50
7,809,55,23,0,52
8,772,55,23,0,63
9,730,57,23,1,62
10,681,58,24,0,66
11,625,63,27,0,66
12,563,66,33,0,68
13,508,67,38,0,62
0,980,30,8,1,42
1,972,37,9,0,55
2,946,38,11,0,73
3,923,48,13,0,58
4,896,52,15,0,63
5,854,51,17,0,78
6,825,54,21,0,55
7,798,53,23,1,54
8,757,57,23,1,62
9,704,72,24,0,60
10,662,71,28,0,58
11,616,68,30,2,63
12,568,72,33,0,56
13,531,69,31,0,55
0,973,27,8,0,53
1,975,31,9,0,48
2,965,42,9,0,49
3,928,53,12,1,69
4,903,56,14,1,61
5,872,64,15,0,59
6,838,63,19,0,64
7,800,63,21,0,65
8,742,70,17,2,79
9,706,63,25,2,56
10,647,63,30,0,73
11,598,66,32,0,62
12,551,77,30,0,53
13,515,69,30,0,57
0,983,25,11,0,42
1,972,27,15,0,60
2,958,30,16,0,60
3,916,35,18,2,80
4,868,46,19,0,78
5,838,52,17,0,63
6,804,55,19,0,62
7,779,59,16,1,52
8,742,60,21,0,57
9,696,59,26,0,65
10,648,66,24,1,61
11,593,66,28,0,69
12,537,71,29,0,65
13,506,69,28,1,46
0,985,26,8,0,42
1,977,29,11,0,57
2,962,28,12,0,65
3,920,33,18,0,78
4,896,38,19,2,58
5,857,46,20,0,67
6,818,64,20,0,54
7,775,69,22,1,64
8,739,72,19,0,62
9,697,74,26,0,56
10,663,72,26,1,54
11,612,68,29,0,70
12,570,63,35,0,56
13,531,66,36,0,48
0,983,26,7,1,44
1,981,32,9,0,49
2,975,33,12,0,52
3,946,33,16,0,72
4,899,41,22,1,74
5,857,50,21,0,71
6,832,52,19,1,57
7,801,50,21,1,59
8,768,54,19,0,57
9,713,57,19,1,74
10,667,65,23,0,53
11,619,69,24,1,60
12,570,74,26,0,57
13,523,76,28,0,56
0,981,24,12,0,44
1,978,28,18,0,48
2,965,38,19,0,52
3,926,55,16,0,72
4,882,70,20,0,67
5,852,77,24,0,56
6,823,77,23,1,62
7,808,65,26,0,53
8,773,61,31,0,60
9,733,63,34,0,58
10,706,63,33,1,46
11,656,62,35,1,66
12,598,69,33,0,68
13,551,72,32,0,58
0,992,24,9,1,35
1,994,37,8,0,41
2,964,39,9,0,77
3,935,51,10,1,62
4,889,61,17,0,71
5,856,67,22,0,59
6,825,69,24,0,60
7,792,73,27,1,54
8,754,76,26,0,62
9,714,76,24,0,65
10,671,77,29,0,56
11,631,74,29,1,60
12,593,70,34,0,52
13,566,67,36,0,41
0,989,22,10,0,40
1,991,28,11,0,46
2,970,39,11,0,60
3,928,46,12,0,81
4,897,53,14,0,64
5,848,58,18,0,77
6,817,63,19,1,57
7,784,66,18,2,58
8,748,72,17,0,57
9,703,67,22,0,68
10,639,72,22,0,78
11,606,69,24,0,52
12,565,69,23,0,57
13,525,61,23,2,59
0,984,25,8,0,44
1,981,32,8,0,51
2,971,40,8,0,52
3,929,45,11,0,81
4,889,52,12,1,73
5,846,56,14,0,74
6,817,58,18,0,56
7,794,60,24,0,44
8,761,67,23,0,53
9,719,60,28,1,66
10,667,62,30,0,67
11,614,63,40,0,60
12,550,64,46,0,72
13,512,68,43,0,50
0,972,34,4,0,51
1,971,38,4,0,52
2,941,46,8,0,68
3,923,45,12,1,61
4,888,51,11,0,72
5,858,50,15,1,63
6,832,52,13,1,58
7,807,56,9,1,53
8,765,60,12,1,60
9,710,60,16,1,73
10,662,62,20,0,61
11,610,60,24,2,66
12,569,65,24,1,50
13,531,61,26,0,53
0,977,26,8,0,50
1,970,33,10,0,53
2,955,41,9,0,58
3,931,51,10,0,60
4,898,59,9,0,68
5,849,63,9,0,82
6,820,62,12,0,60
7,785,62,14,0,62
8,774,58,16,0,39
9,733,54,22,1,61
10,677,56,23,0,72
11,627,65,21,0,61
12,591,62,20,0,55
13,544,64,21,1,56
0,983,28,9,0,41
1,971,36,9,2,57
2,953,41,11,0,61
3,930,45,15,0,62
4,903,51,16,0,62
5,858,53,17,1,78
6,816,57,20,1,67
7,784,57,27,1,53
8,752,63,28,0,51
9,707,68,28,0,63
10,666,76,30,0,50
11,618,75,29,2,66
12,565,74,34,0,64
13,533,71,34,0,48
0,986,27,7,0,41
1,976,36,8,0,55
2,944,49,6,1,70
3,920,54,8,0,64
4,884,59,14,0,67
5,833,65,16,1,79
6,804,68,18,1,56
7,771,70,22,0,56
8,739,69,24,0,57
9,716,60,27,1,51
10,653,69,28,0,72
11,613,71,23,2,59
12,578,69,25,2,48
13,540,70,27,0,48
0,990,23,10,0,38
1,990,26,10,1,51
2,969,35,13,0,59
3,925,45,16,0,78
4,883,55,20,0,70
5,840,59,18,1,77
6,821,61,18,0,50
7,788,59,16,1,65
8,750,58,18,0,63
9,721,57,25,0,46
10,687,55,27,1,52
11,632,62,26,0,67
12,588,65,24,0,58
13,540,67,25,0,58
0,988,24,8,0,41
1,990,25,15,0,45
2,962,37,15,1,65
3,940,47,17,0,57
4,895,54,21,0,76
5,859,60,22,0,66
6,833,65,21,0,55
7,805,65,26,0,52
8,766,66,27,0,63
9,718,62,31,0,71
10,680,58,35,1,56
11,629,64,36,0,62
12,560,68,34,0,82
13,525,69,36,0,45
0,989,22,7,0,43
1,979,24,10,0,60
2,955,32,12,0,64
3,926,41,16,0,63
4,888,43,22,0,72
5,860,54,20,0,56
6,822,65,22,0,58
7,788,62,25,0,63
8,738,68,31,1,63
9,702,69,34,0,55
10,647,71,41,0,65
11,597,77,37,0,66
12,556,68,42,0,60
13,529,72,38,0,40
0,987,27,8,0,39
1,977,37,9,1,53
2,967,40,11,0,55
3,935,46,14,1,69
4,906,48,16,0,67
5,875,53,19,0,60
6,828,63,19,0,70
7,801,54,25,0,59
8,760,63,25,0,58
9,715,67,26,0,63
10,686,62,29,0,50
11,637,73,27,0,58
12,584,74,27,1,66
13,551,62,32,0,53
0,993,28,7,0,33
1,989,37,9,1,47
2,962,46,12,1,64
3,939,53,13,0,62
4,906,51,17,0,73
5,862,56,19,0,74
6,831,52,23,2,62
7,812,48,26,1,48
8,766,58,26,1,61
9,716,74,27,0,56
10,654,69,28,0,85
11,615,73,28,0,53
12,554,71,38,0,68
13,514,75,38,0,49
0,979,26,7,0,49
1,966,37,10,0,54
2,941,46,11,0,65
3,921,44,13,1,66
4,888,50,13,0,69
5,859,59,10,1,59
6,822,64,10,0,65
7,803,56,14,2,50
8,767,59,14,0,59
9,737,53,20,1,52
10,695,61,19,0,54
11,641,62,22,0,68
12,592,65,22,0,61
13,553,70,21,1,47
0,984,28,12,0,37
1,972,38,14,0,55
2,951,41,16,0,66
3,934,47,19,0,55
4,898,55,18,2,69
5,859,64,19,0,66
6,821,63,22,1,68
7,786,61,24,0,64
8,750,62,25,0,60
9,710,56,25,1,68
10,660,63,27,0,60
11,619,72,26,0,51
12,569,66,31,0,66
13,525,66,34,0,54
0,981,24,11,0,45
1,966,35,10,0,60
2,953,35,11,0,62
3,935,38,14,0,59
4,900,48,15,1,65
5,863,57,16,0,64
6,826,54,17,0,72
7,797,57,16,0,56
8,754,58,17,0,67
9,708,61,21,0,62
10,672,58,26,0,53
11,621,65,26,0,62
12,564,63,33,3,64
13,509,57,36,0,71
0,981,29,8,0,43
1,974,35,11,0,53
2,962,39,12,0,57
3,934,46,13,0,67
4,879,48,19,0,89
5,829,52,21,1,80
6,807,56,19,1,52
7,778,58,18,0,57
8,737,65,18,0,60
9,692,66,20,0,65
10,647,68,24,0,58
11,596,75,26,0,60
12,556,72,26,2,56
13,516,68,28,1,54
0,982,26,7,1,45
1,979,30,9,0,52
2,957,40,14,0,57
3,927,48,16,0,67
4,900,51,15,2,65
5,870,51,19,0,63
6,832,62,17,0,62
7,804,70,22,1,43
8,773,71,24,0,54
9,723,71,28,2,67
10,689,64,28,0,60
11,632,71,25,1,70
12,579,69,28,0,67
13,534,69,29,0,57
0,992,21,5,0,43
1,985,31,8,0,49
2,966,36,13,0,59
3,944,36,16,0,66
4,904,46,17,0,71
5,868,50,19,0,67
6,847,47,19,1,56
7,806,52,18,0,66
8,772,61,19,0,50
9,740,69,20,0,46
10,693,63,28,1,63
11,634,68,29,1,70
12,582,73,33,0,58
13,543,78,31,0,49
0,978,27,7,0,49
1,982,31,6,0,48
2,957,41,7,0,64
3,933,51,9,0,59
4,893,59,12,0,71
5,854,65,12,0,70
6,813,74,15,0,62
7,781,81,17,0,52
8,748,80,20,0,57
9,717,80,24,2,48
10,666,77,28,0,69
11,627,68,27,0,67
12,571,69,30,0,67
13,523,74,31,0,55
0,979,33,8,0,41
1,976,33,11,0,55
2,959,45,10,0,56
3,936,55,9,0,61
4,898,64,14,0,66
5,861,68,18,0,66
6,821,66,18,0,75
7,799,68,20,0,47
8,757,68,25,0,63
9,704,69,33,0,67
10,662,74,35,1,53
11,608,71,36,1,73
12,568,72,35,0,55
13,521,69,37,2,59
0,988,19,9,0,45
1,981,29,9,0,52
2,961,36,10,0,62
3,930,44,13,0,67
4,900,48,21,0,60
5,858,55,26,0,67
6,823,67,26,0,56
7,800,65,31,0,49
8,753,71,33,0,65
9,717,69,32,0,62
10,672,62,37,0,66
11,622,61,40,1,65
12,570,62,39,0,67
13,528,67,33,0,56
0,980,23,8,0,50
1,984,28,11,0,43
2,974,35,11,0,53
3,940,42,10,0,75
4,892,45,12,0,85
5,846,51,13,0,76
6,825,50,14,1,53
7,784,49,18,1,66
8,757,51,19,1,49
9,718,50,21,1,60
10,667,62,20,0,59
11,616,63,23,0,65
12,586,57,24,0,50
13,547,62,25,0,46
0,984,25,9,0,43
1,980,34,10,0,49
2,972,39,10,0,53
3,946,47,10,0,65
4,908,47,17,0,73
5,876,48,21,1,63
6,838,53,19,0,68
7,803,53,22,0,61
8,788,53,25,0,38
9,753,55,24,1,56
10,697,60,27,0,67
11,646,63,29,1,63
12,583,68,29,0,73
13,536,73,33,0,51
0,992,27,9,0,33
1,995,37,11,0,40
2,961,47,12,0,73
3,933,52,14,0,68
4,885,60,17,0,79
5,861,59,19,0,60
6,827,59,22,0,64
7,800,62,23,0,52
8,765,59,30,0,57
9,713,65,36,0,63
10,656,65,38,0,74
11,629,62,35,1,50
12,586,58,40,1,56
13,527,65,40,1,64
0,978,30,6,0,47
1,970,39,6,2,52
2,972,37,6,1,49
3,931,44,9,1,77
4,897,53,8,0,68
5,886,53,9,0,47
6,839,63,9,0,70
7,796,64,18,0,62
8,763,61,25,0,55
9,721,60,28,0,63
10,682,59,25,0,62
11,639,56,24,0,65
12,595,53,26,0,60
13,557,52,32,1,45
0,980,28,7,0,46
1,977,33,9,0,51
2,948,38,11,0,72
3,908,47,12,0,77
4,882,48,18,0,61
5,851,53,21,1,59
6,817,60,24,0,57
7,781,64,28,0,57
8,744,64,30,0,61
9,710,70,29,0,52
10,665,65,30,0,68
11,612,63,28,1,74
12,564,66,30,0,58
13,526,62,31,2,52
0,978,31,9,0,43
1,985,38,8,0,42
2,955,45,10,0,71
3,928,53,8,0,68
4,880,60,9,1,81
5,854,64,14,0,54
6,816,69,17,0,63
7,787,74,23,1,46
8,746,72,26,0,66
9,693,73,24,0,77
10,649,65,28,0,67
11,619,64,31,0,46
12,564,64,34,0,67
13,519,69,33,0,54
0,978,26,8,0,49
1,986,30,12,0,39
2,956,37,17,0,68
3,932,42,17,0,66
4,896,46,17,0,74
5,855,46,21,0,74
6,811,57,21,0,66
7,778,60,23,0,57
8,731,59,27,0,70
9,696,57,29,1,57
10,647,52,32,1,69
11,592,58,29,0,70
12,545,55,29,1,64
13,512,62,23,0,45
0,988,22,13,0,38
1,976,28,14,1,59
2,960,32,17,0,59
3,934,48,13,0,61
4,893,57,11,0,76
5,864,53,13,0,68
6,833,58,13,0,59
7,789,61,17,0,66
8,764,54,21,0,54
9,725,45,28,0,64
10,657,51,36,0,73
11,616,56,34,0,56
12,561,64,30,1,65
13,510,68,28,0,62
0,983,34,5,0,39
1,973,38,7,0,59
2,952,48,15,0,53
3,927,60,17,0,58
4,888,61,21,0,76
5,846,63,23,0,75
6,819,66,19,1,60
7,785,71,21,1,55
8,749,61,26,0,67
9,718,60,28,0,53
10,666,66,33,0,60
11,626,62,40,2,53
12,579,72,40,0,52
13,536,82,40,0,46
0,974,28,9,0,50
1,968,33,13,1,51
2,942,46,14,0,62
3,919,57,16,0,57
4,887,70,15,0,62
5,836,72,22,0,79
6,820,66,24,1,52
7,794,68,20,1,56
8,758,70,19,0,61
9,729,61,26,1,53
10,693,54,31,0,57
11,641,67,28,1,59
12,587,68,34,1,61
13,558,58,35,1,50
0,987,26,6,0,42
1,975,28,8,0,63
2,953,35,11,0,62
3,930,47,11,0,58
4,887,48,17,0,78
5,844,57,17,1,70
6,808,62,18,0,63
7,785,55,23,0,54
8,751,55,25,2,56
9,717,54,25,0,58
10,664,51,27,1,72
11,608,59,27,0,66
12,562,53,34,0,60
13,535,55,32,1,39
0,991,22,9,0,39
1,993,36,13,0,35
2,968,41,14,0,69
3,937,45,16,1,71
4,904,51,18,0,67
5,862,51,21,1,75
6,824,58,24,0,61
7,781,68,22,0,64
8,750,65,28,1,53
9,701,75,26,0,64
10,670,70,32,0,49
11,636,66,33,1,54
12,580,70,33,0,67
13,537,70,29,1,59
0,985,28,9,0,39
1,978,39,12,0,48
2,962,47,13,0,57
3,926,54,14,1,74
4,890,56,17,0,73
5,856,62,19,0,63
6,832,60,20,0,58
7,807,66,23,0,45
8,755,76,25,0,66
9,713,80,29,0,57
10,662,87,27,0,65
11,615,76,33,1,69
12,559,74,38,0,68
13,531,66,40,2,45
0,991,25,8,0,37
1,992,26,10,0,51
2,959,29,15,0,75
3,937,36,15,1,61
4,900,50,15,0,65
5,870,54,20,0,58
6,834,62,21,0,60
7,809,65,23,0,49
8,773,75,21,0,54
9,717,82,23,1,69
10,670,78,26,0,67
11,629,69,33,1,60
12,575,68,35,0,68
13,517,66,41,0,67
0,992,24,5,0,40
1,992,31,8,0,45
2,973,33,14,0,61
3,929,45,16,0,77
4,891,50,16,1,74
5,863,60,21,0,50
6,833,66,20,0,58
7,804,72,15,1,56
8,773,76,18,0,50
9,722,75,26,0,67
10,666,73,30,1,72
11,612,69,29,0,77
12,564,65,33,0,63
13,522,69,37,1,46
0,978,29,7,0,47
1,967,34,6,1,61
2,947,38,7,0,65
3,923,46,8,0,62
4,883,50,10,1,75
5,842,48,14,0,76
6,801,54,15,0,67
7,780,56,18,0,45
8,751,50,24,3,52
9,716,48,26,0,58
10,655,64,24,0,66
11,605,63,27,0,66
12,554,60,31,1,64
13,521,63,33,1,40
0,979,23,9,1,49
1,967,32,10,1,56
2,946,45,12,0,56
3,917,50,16,0,67
4,877,60,16,1,71
5,852,60,15,0,63
6,837,53,17,1,52
7,800,57,17,1,61
8,755,58,21,0,66
9,716,52,27,1,61
10,666,50,29,0,69
11,627,52,30,0,54
12,581,57,29,1,56
13,539,63,27,1,50
0,976,29,7,0,49
1,974,37,8,0,48
2,970,35,10,2,52
3,938,45,11,0,68
4,900,53,13,0,70
5,877,59,13,0,54
6,843,56,18,0,65
7,799,61,20,1,65
8,758,61,20,0,67
9,726,65,21,1,49
10,676,75,21,0,59
11,617,84,18,1,70
12,576,72,27,0,59
13,535,70,28,1,54
0,985,29,8,1,38
1,978,34,7,0,58
2,965,42,11,0,51
3,922,58,10,0,75
4,894,58,14,0,66
5,872,53,13,0,65
6,845,48,13,0,65
7,822,49,16,0,48
8,773,56,18,0,66
9,722,56,20,0,72
10,680,48,22,1,66
11,628,59,26,0,55
12,589,60,26,2,51
13,552,58,29,0,49
0,976,28,8,0,49
1,959,32,10,0,66
2,944,43,14,0,50
3,919,55,18,0,56
4,885,63,21,0,65
5,849,63,22,1,71
6,830,64,21,0,52
7,786,66,27,1,64
8,751,56,32,1,65
9,705,54,36,2,65
10,659,60,35,0,60
11,612,59,35,0,66
12,563,65,32,0,61
13,523,70,36,0,44
0,982,27,11,0,41
1,977,29,15,0,54
2,959,40,13,0,59
3,938,49,14,0,58
4,898,56,18,0,71
5,869,57,19,0,64
6,838,58,20,0,62
7,805,55,22,1,62
8,771,62,18,0,57
9,722,66,20,0,66
10,681,71,24,0,51
11,620,73,26,2,73
12,585,71,24,0,54
13,540,69,22,0,62
0,981,25,7,0,48
1,990,28,7,0,43
2,987,33,11,0,44
3,948,43,14,1,72
4,898,52,16,0,81
5,866,60,17,0,60
6,835,65,15,0,61
7,812,66,16,1,49
8,778,59,21,0,62
9,739,61,23,0,58
10,685,63,31,0,63
11,629,63,34,1,70
12,575,67,39,0,60
13,519,69,40,1,65
0,977,30,6,0,48
1,975,34,10,0,49
2,956,38,13,1,61
3,938,43,13,0,60
4,890,50,13,0,83
5,853,60,14,0,63
6,828,59,13,0,60
7,786,58,18,0,67
8,760,55,21,1,51
9,733,51,22,2,51
10,685,55,21,1,63
11,618,61,25,0,75
12,560,63,28,0,68
13,524,59,32,0,49
0,993,26,9,1,32
1,989,30,10,0,54
2,975,35,10,0,59
3,946,44,10,1,66
4,911,49,13,0,69
5,883,50,19,0,58
6,841,54,18,0,72
7,801,62,16,0,63
8,776,62,14,2,51
9,721,65,19,0,70
10,682,58,23,3,58
11,645,54,25,1,56
12,599,58,27,0,55
13,560,63,25,0,49
0,992,26,5,1,37
1,980,33,9,0,56
2,964,40,12,0,56
3,917,46,15,0,85
4,896,54,15,1,54
5,855,55,21,0,71
6,823,56,25,0,60
7,803,56,24,0,50
8,781,54,24,0,50
9,735,56,27,0,64
10,670,57,31,0,79
11,633,58,31,0,54
12,579,52,35,0,71
13,515,62,35,0,67
0,964,30,7,0,60
1,960,33,11,0,52
2,950,39,14,0,51
3,939,45,13,2,51
4,902,58,10,0,69
5,867,58,11,0,71
6,824,57,11,1,76
7,793,60,14,0,54
8,755,61,15,1,61
9,722,61,17,0,54
10,655,61,19,1,83
11,609,57,22,1,64
12,559,61,23,0,60
13,523,61,30,0,42
0,969,34,8,0,50
1,965,42,10,0,49
2,945,43,13,0,66
3,937,41,14,0,56
4,896,42,20,0,76
5,863,47,22,0,63
6,822,59,28,0,56
7,794,59,30,0,55
8,757,61,31,0,60
9,717,62,30,1,62
10,673,67,30,0,58
11,640,68,29,0,51
12,592,73,30,0,57
13,556,67,32,2,51
0,984,24,7,0,46
1,982,33,10,0,45
2,958,44,13,0,60
3,917,56,14,0,75
4,882,58,16,0,73
5,846,59,20,0,68
6,825,60,21,1,51
7,800,53,25,0,57
8,747,58,24,0,75
9,719,53,25,0,55
10,680,52,29,1,54
11,620,60,33,0,66
12,566,67,37,0,58
13,511,69,38,1,64
0,985,27,8,0,41
1,978,30,11,0,56
2,954,33,14,0,68
3,913,41,21,0,73
4,871,54,23,0,69
5,836,58,19,1,71
6,801,65,24,0,56
7,764,66,26,0,63
8,745,65,24,0,48
9,709,67,26,0,55
10,681,64,28,0,48
11,642,61,31,1,56
12,591,67,28,0,63
13,536,69,29,1,64
0,988,25,9,0,39
1,979,31,11,0,56
2,961,37,14,0,59
3,928,45,15,2,69
4,886,58,14,2,70
5,856,62,15,0,62
6,836,57,20,0,53
7,798,58,23,1,62
8,750,62,24,0,69
9,712,63,21,0,63
10,664,67,22,0,62
11,624,67,21,1,58
12,578,61,29,2,57
13,529,66,30,0,56
0,983,24,8,0,46
1,971,30,12,1,56
2,954,39,17,0,53
3,920,52,17,0,68
4,880,59,19,0,73
5,851,61,20,1,62
6,821,62,20,0,62
7,790,54,26,1,61
8,759,50,28,2,57
9,707,58,29,0,66
10,670,55,30,0,58
11,626,60,28,0,59
12,578,68,25,0,58
13,540,60,26,0,58
0,993,23,7,0,38
1,978,31,8,0,61
2,951,37,13,0,66
3,914,43,15,1,75
4,873,53,16,0,72
5,834,69,18,0,58
6,801,75,19,0,59
7,771,75,24,1,53
8,730,74,36,1,55
9,697,66,39,0,61
10,658,62,41,1,59
11,621,59,43,0,56
12,562,59,46,0,71
13,512,64,49,0,55
0,980,30,7,0,44
1,979,37,10,0,46
2,973,39,12,0,52
3,943,44,13,0,71
4,906,53,12,0,71
5,852,61,12,1,82
6,824,57,16,0,61
7,798,58,18,1,51
8,774,54,21,1,50
9,727,54,28,0,63
10,679,56,32,0,61
11,626,56,34,1,68
12,562,66,36,1,66
13,508,65,41,0,63
0,981,25,10,0,45
1,977,32,9,0,53
2,952,41,10,0,65
3,909,47,14,0,80
4,880,56,14,1,61
5,841,65,15,0,66
6,815,72,14,0,53
7,794,74,14,0,48
8,763,73,15,0,57
9,711,63,24,2,74
10,677,59,27,0,54
11,630,61,31,2,57
12,581,64,32,0,60
13,527,72,31,3,57
0,987,21,9,0,44
1,994,29,9,0,40
2,960,40,9,0,73
3,935,43,13,0,65
4,900,53,18,1,61
5,863,52,20,0,73
6,822,54,23,2,67
7,788,56,24,0,60
8,753,58,22,1,60
9,719,59,24,1,53
10,679,56,26,0,60
11,604,56,26,0,93
12,564,54,26,0,57
13,534,55,23,0,45
0,983,25,9,0,44
1,983,31,9,1,48
2,964,38,10,0,61
3,933,51,11,0,64
4,892,54,14,0,77
5,865,56,19,0,57
6,824,60,19,0,70
7,780,70,22,0,60
8,737,76,25,0,60
9,701,67,30,0,63
10,663,62,32,2,58
11,600,60,35,1,79
12,558,62,34,0,56
13,514,67,40,1,45
0,980,31,9,0,41
1,966,39,11,0,59
2,959,48,13,0,46
3,927,48,18,0,74
4,905,46,23,0,61
5,866,51,26,0,68
6,819,64,26,0,67
7,770,71,31,0,66
8,746,67,32,0,53
9,709,70,33,0,56
10,659,74,35,0,63
11,599,72,37,2,76
12,552,77,38,0,56
13,505,76,34,2,63
0,985,27,8,0,41
1,980,37,10,0,48
2,949,46,11,0,71
3,922,51,16,0,64
4,881,56,17,0,77
5,847,56,18,0,70
6,798,65,22,1,68
7,778,67,24,0,45
8,734,67,27,0,67
9,692,75,27,0,57
10,654,64,31,1,63
11,614,59,32,0,62
12,573,58,36,0,53
13,527,60,33,0,60
0,989,30,8,0,34
1,992,42,10,0,38
2,967,44,14,0,69
3,941,49,14,0,68
4,899,52,16,0,79
5,868,59,16,0,61
6,852,60,18,0,46
7,809,63,21,0,66
8,768,64,27,0,60
9,718,63,32,0,69
10,658,67,34,0,73
11,613,70,34,1,59
12,579,60,34,0,59
13,534,68,31,0,53
0,968,30,8,0,55
1,961,33,11,1,55
2,949,37,16,0,53
3,924,43,16,0,66
4,886,53,19,0,67
5,852,54,21,0,68
6,817,57,21,0,65
7,801,54,21,1,47
8,764,64,23,0,51
9,731,66,25,0,52
10,669,82,25,1,64
11,635,78,27,0,54
12,589,80,23,0,63
13,561,71,27,1,45
0,974,31,6,0,50
1,975,39,5,0,47
2,957,45,7,0,60
3,921,53,10,0,72
4,888,53,11,0,74
5,864,57,10,0,58
6,835,61,12,2,54
7,816,59,13,0,49
8,763,59,14,0,78
9,725,61,18,0,55
10,682,62,19,0,60
11,645,57,25,0,54
12,589,64,27,0,62
13,539,76,26,0,52
0,977,21,12,0,51
1,970,34,13,0,48
2,951,41,12,0,63
3,919,54,9,0,69
4,886,55,13,0,70
5,839,67,15,1,69
6,816,64,17,0,57
7,796,65,19,1,45
8,761,71,18,0,56
9,715,64,22,2,70
10,666,66,27,0,61
11,613,66,28,1,69
12,546,69,29,0,78
13,516,68,27,1,45
0,984,28,10,0,39
1,979,31,13,0,54
2,959,38,14,0,62
3,926,43,18,0,71
4,897,47,19,0,66
5,860,49,26,0,65
6,824,58,27,0,59
7,804,60,26,1,47
8,758,60,26,2,70
9,712,63,27,0,65
10,667,61,30,0,63
11,629,66,28,1,52
12,578,66,30,1,63
13,533,70,23,1,60
0,973,26,7,0,55
1,954,32,9,0,66
2,945,43,9,0,48
3,917,51,7,1,68
4,886,59,9,0,63
5,839,62,15,1,74
6,830,66,16,0,37
7,791,69,21,2,58
8,754,78,24,0,51
9,701,76,28,0,74
10,659,73,29,0,63
11,616,72,32,0,59
12,573,73,32,0,57
13,533,70,37,1,50
0,984,30,5,0,42
1,965,33,6,0,70
2,955,34,11,0,54
3,937,38,12,0,60
4,889,48,13,0,79
5,861,57,12,1,56
6,825,61,13,0,64
7,789,66,14,0,59
8,762,58,18,0,57
9,722,60,21,0,58
10,678,53,28,0,63
11,627,52,32,0,66
12,579,58,29,0,60
13,544,53,31,0,51
0,991,26,7,0,37
1,984,32,10,1,52
2,963,35,13,2,63
3,925,42,13,0,78
4,876,50,14,0,82
5,832,57,18,0,70
6,802,64,19,0,55
7,773,66,22,2,51
8,741,69,24,0,53
9,713,64,28,0,52
10,676,57,29,0,62
11,635,63,26,0,56
12,588,60,29,0,62
13,562,65,26,0,37
0,982,24,10,0,45
1,978,28,9,0,56
2,964,32,11,0,58
3,941,41,14,1,57
4,900,42,17,0,79
5,864,53,15,0,64
6,821,64,12,0,68
7,787,72,14,0,53
8,751,74,13,1,60
9,714,75,17,1,54
10,662,69,19,0,75
11,605,70,27,1,65
12,547,76,29,0,65
13,518,69,30,1,47
0,991,27,8,0,35
1,983,30,14,0,54
2,953,38,16,1,69
3,925,48,17,0,64
4,885,48,20,1,78
5,866,43,24,0,57
6,833,55,20,1,57
7,799,70,21,0,47
8,759,71,22,0,64
9,716,70,21,0,68
10,669,72,21,0,64
11,629,72,24,0,55
12,572,68,28,1,71
13,536,60,32,0,53
0,975,24,9,0,53
1,961,36,12,0,54
2,924,48,12,1,74
3,904,55,14,0,58
4,865,62,14,2,72
5,839,58,16,2,63
6,804,61,20,0,61
7,790,64,20,0,40
8,762,64,18,0,56
9,725,60,24,0,58
10,673,61,25,0,69
11,619,61,26,1,70
12,571,58,25,2,65
13,533,60,23,0,51
0,972,25,9,0,55
1,964,30,9,0,58
2,946,39,12,0,56
3,925,45,14,0,60
4,880,51,18,1,76
5,835,59,17,0,75
6,801,68,19,0,56
7,772,69,19,0,57
8,740,65,17,2,62
9,703,59,24,0,59
10,656,62,31,0,56
11,611,64,33,0,59
12,573,63,35,1,51
13,516,73,34,0,61
0,986,27,6,1,41
1,986,37,7,0,44
2,961,44,8,0,67
3,932,49,10,0,69
4,898,50,13,1,71
5,850,59,17,0,72
6,812,65,18,1,63
7,783,68,23,0,50
8,752,59,24,0,65
9,713,67,21,0,57
10,653,72,28,0,67
11,608,79,30,0,54
12,546,85,34,0,67
13,518,77,39,0,44
0,980,33,6,0,42
1,965,41,9,0,59
2,932,47,10,0,76
3,910,54,15,0,57
4,866,63,18,0,74
5,832,69,20,0,63
6,801,69,20,0,64
7,787,66,23,0,43
8,756,71,24,1,50
9,732,69,26,1,46
10,681,74,28,0,63
11,634,67,34,0,66
12,586,62,38,0,64
13,541,66,38,0,54
0,982,28,8,0,43
1,982,35,8,0,48
2,976,42,9,0,48
3,937,52,11,1,73
4,903,53,12,0,74
5,871,60,15,0,59
6,851,61,18,0,49
7,816,66,19,1,57
8,762,66,23,0,76
9,722,65,27,0,60
10,678,64,29,1,61
11,628,59,35,0,67
12,572,60,34,0,71
13,533,58,30,0,58
0,979,24,9,0,49
1,964,29,12,0,62
2,945,39,15,0,56
3,922,45,15,0,64
4,901,50,11,0,62
5,863,51,15,1,69
6,831,57,18,1,55
7,790,56,23,0,66
8,745,63,25,0,62
9,698,67,27,0,64
10,653,69,31,1,57
11,604,71,30,0,66
12,558,65,34,1,62
13,529,60,39,0,42
0,975,30,7,0,49
1,970,31,10,0,56
2,959,38,14,0,50
3,931,41,19,0,67
4,891,44,23,0,75
5,844,59,22,0,70
6,815,63,24,0,56
7,782,70,25,0,54
8,737,70,27,0,69
9,699,76,28,1,53
10,657,70,26,1,68
11,615,70,29,0,57
12,562,76,34,0,57
13,520,79,33,1,52
0,971,23,9,0,58
1,970,25,12,0,51
2,950,35,14,0,58
3,934,42,12,0,58
4,890,49,13,0,78
5,848,56,13,0,72
6,829,61,13,0,47
7,780,70,15,0,67
8,740,73,18,1,59
9,700,70,24,0,60
10,657,66,26,0,64
11,600,72,32,1,62
12,565,64,36,0,54
13,518,66,34,1,59
0,977,30,10,0,44
1,966,36,10,1,59
2,963,43,12,0,44
3,936,47,14,0,68
4,900,50,13,0,76
5,858,57,15,0,70
6,825,66,17,1,54
7,786,67,18,1,65
8,746,66,22,0,63
9,713,64,27,0,53
10,659,70,27,1,66
11,613,71,28,1,61
12,581,63,33,0,50
13,538,69,27,1,55
0,980,28,7,1,45
1,990,34,7,0,39
2,977,39,6,2,57
3,947,43,7,0,72
4,906,52,11,0,70
5,876,48,15,0,67
6,833,52,17,0,70
7,808,53,20,0,50
8,759,64,21,0,63
9,703,69,27,0,68
10,660,64,30,1,63
11,614,68,31,0,59
12,579,66,32,0,51
13,539,61,34,0,56
0,975,21,10,0,55
1,968,23,11,1,58
2,960,34,11,0,47
3,930,41,10,0,71
4,896,48,11,0,68
5,838,55,14,0,85
6,814,64,14,1,47
7,774,72,19,0,56
8,736,69,20,0,66
9,702,69,18,0,59
10,654,69,24,0,61
11,604,69,26,1,65
12,556,74,23,0,61
13,529,65,25,0,47
0,973,28,8,1,51
1,976,33,8,0,47
2,945,46,8,0,68
3,909,57,12,0,68
4,875,67,16,1,61
5,831,68,18,0,78
6,800,70,19,1,60
7,778,68,19,0,53
8,746,62,20,1,62
9,704,65,23,3,56
10,644,68,27,1,71
11,601,74,32,1,49
12,552,73,34,0,63
13,508,79,31,0,54
0,982,30,9,0,40
1,970,36,11,0,59
2,954,42,12,0,59
3,941,48,14,0,52
4,887,53,18,0,87
5,849,54,18,0,74
6,833,59,17,0,45
7,815,56,23,0,44
8,771,61,29,0,59
9,732,68,30,0,54
10,673,75,31,1,69
11,613,80,29,0,75
12,572,82,31,0,52
13,525,80,37,0,56
0,968,32,7,0,54
1,962,41,7,0,52
2,945,44,11,0,60
3,912,49,16,0,70
4,887,45,25,0,62
5,859,49,27,0,59
6,817,55,27,0,69
7,789,65,25,1,48
8,756,66,23,0,60
9,717,71,29,1,50
10,663,76,31,0,66
11,614,74,33,1,66
12,572,74,29,0,61
13,529,76,29,1,53
0,984,23,7,0,47
1,986,29,10,0,44
2,960,37,11,0,67
3,929,43,17,0,66
4,894,56,20,0,61
5,855,60,18,1,73
6,823,64,18,0,61
7,799,65,19,1,50
8,770,68,16,0,55
9,749,64,17,0,47
10,696,54,26,1,72
11,639,58,28,1,68
12,590,59,28,0,63
13,564,55,24,1,46
0,984,26,9,0,42
1,970,36,9,0,59
2,966,36,11,1,51
3,932,51,14,0,63
4,906,58,13,0,62
5,870,62,13,0,69
6,837,57,17,0,67
7,807,50,26,2,55
8,770,55,26,0,58
9,718,64,30,0,62
10,660,70,29,0,72
11,620,76,31,0,50
12,573,76,36,1,56
13,530,81,39,1,47
0,978,25,10,1,47
1,978,27,11,0,52
2,957,43,12,0,54
3,926,49,11,1,72
4,885,53,16,0,74
5,832,59,18,0,82
6,813,55,22,0,52
7,778,60,27,0,54
8,743,69,28,0,51
9,704,70,27,0,62
10,656,72,27,0,65
11,612,77,28,0,56
12,573,71,25,0,63
13,543,58,27,0,54
0,973,30,7,0,51
1,974,30,12,0,49
2,966,40,13,0,47
3,932,55,13,0,66
4,887,58,15,0,82
5,839,71,20,0,67
6,802,74,20,0,67
7,765,69,27,2,62
8,743,71,28,0,45
9,716,65,28,0,56
10,657,68,29,0,74
11,613,70,27,0,62
12,568,66,30,0,61
13,530,71,32,1,43
0,987,23,11,0,40
1,985,28,14,0,49
2,979,30,16,0,52
3,930,45,14,0,83
4,901,56,14,0,60
5,861,65,9,0,73
6,851,57,11,1,48
7,821,52,16,0,59
8,788,52,21,1,53
9,755,52,22,0,55
10,688,57,26,0,77
11,631,61,25,1,71
12,572,62,25,0,73
13,544,62,23,1,42
0,983,23,8,1,46
1,988,32,9,0,40
2,974,34,10,0,61
3,945,39,8,0,73
4,900,51,9,1,73
5,853,58,12,0,74
6,820,61,10,0,65
7,796,55,13,0,56
8,768,53,17,0,52
9,747,47,17,0,50
10,705,45,20,1,59
11,635,62,19,0,72
12,587,65,16,1,62
13,551,69,21,0,40
0,975,28,8,0,50
1,978,34,11,0,43
2,969,39,12,0,53
3,941,43,16,0,67
4,910,48,16,0,68
5,873,49,18,0,71
6,838,51,21,0,63
7,805,56,22,0,56
8,777,59,22,0,51
9,731,62,24,0,64
10,677,75,25,0,59
11,628,73,26,1,67
12,577,76,23,1,65
13,526,75,25,1,62
0,978,31,8,0,44
1,978,33,9,1,51
2,963,40,10,0,57
3,937,45,11,1,66
4,891,56,12,1,75
5,846,57,13,1,79
6,815,65,15,0,54
7,789,64,16,0,55
8,752,61,21,0,61
9,716,62,26,0,53
10,671,58,31,1,62
11,630,53,35,1,59
12,574,56,35,0,68
13,537,60,35,0,46
0,985,26,9,0,41
1,985,29,12,1,48
2,956,35,12,0,73
3,919,35,16,1,79
4,881,41,17,0,73
5,852,40,22,0,62
6,827,49,19,0,52
7,788,51,20,1,64
8,755,55,20,0,55
9,697,57,22,0,77
10,654,55,23,2,61
11,617,49,30,0,54
12,558,61,27,1,64
13,517,61,24,0,57
0,976,25,11,0,49
1,983,28,13,1,42
2,949,47,14,0,64
3,932,52,14,2,57
4,894,63,11,0,72
5,853,72,10,0,70
6,839,62,15,0,52
7,815,56,24,0,50
8,773,60,25,0,63
9,726,65,23,0,67
10,674,74,24,0,61
11,624,75,29,0,62
12,567,73,29,2,72
13,539,69,32,1,41
0,980,28,8,0,45
1,985,32,11,0,43
2,965,40,12,0,61
3,937,47,12,0,68
4,899,60,13,0,66
5,854,65,15,0,75
6,816,67,16,0,68
7,779,72,21,0,56
8,747,64,21,1,65
9,706,53,29,0,67
10,664,47,34,1,61
11,622,49,31,1,60
12,569,50,35,0,63
13,534,59,32,0,42
0,982,25,7,0,47
1,984,34,8,0,43
2,965,34,11,1,65
3,939,50,10,0,58
4,891,66,7,0,77
5,852,71,10,0,68
6,828,68,15,0,55
7,796,66,20,0,58
8,764,53,33,0,58
9,734,45,37,0,57
10,691,53,33,1,57
11,630,61,30,1,73
12,572,65,29,0,70
13,527,67,35,0,50
0,987,21,8,1,44
1,970,28,11,0,62
2,941,41,15,0,62
3,907,54,16,0,67
4,871,53,19,1,75
5,843,65,17,0,55
6,822,63,20,0,53
7,804,57,26,1,46
8,762,57,29,0,65
9,717,58,29,0,67
10,662,66,26,1,68
11,604,76,28,0,64
12,548,83,27,0,65
13,516,74,29,0,52
0,987,28,6,0,40
1,980,41,9,0,46
2,949,50,10,0,71
3,925,52,14,0,65
4,898,52,16,0,67
5,848,59,18,0,78
6,824,56,20,0,58
7,800,53,19,1,56
8,749,56,20,0,73
9,708,55,25,0,60
10,646,65,30,0,66
11,604,63,29,0,63
12,566,52,31,1,61
13,524,50,28,2,58
0,986,30,9,0,36
1,984,32,14,0,50
2,973,38,15,0,54
3,938,52,15,0,68
4,902,58,15,0,72
5,868,56,20,0,68
6,820,66,22,2,67
7,794,68,22,1,52
8,770,67,25,0,48
9,715,60,36,0,74
10,660,58,44,1,67
11,604,63,42,0,71
12,566,70,38,2,48
13,521,71,35,0,60
0,982,22,9,0,48
1,984,33,12,0,39
2,971,41,14,0,53
3,941,43,15,0,74
4,905,50,14,0,72
5,856,57,10,0,83
6,828,56,16,0,56
7,795,55,19,0,60
8,761,56,21,1,56
9,726,57,22,0,56
10,670,62,21,0,71
11,632,58,19,0,62
12,594,55,23,0,52
13,537,68,19,0,61
0,983,28,7,0,43
1,975,35,10,0,53
2,963,41,13,0,53
3,938,42,13,1,70
4,903,40,23,0,69
5,855,48,25,0,75
6,823,45,30,1,62
7,805,51,35,0,36
8,765,62,33,0,57
9,720,77,28,0,58
10,667,76,31,0,70
11,619,71,35,1,66
12,563,73,36,0,68
13,515,69,39,1,61
0,990,23,11,0,37
1,984,25,15,0,55
2,964,31,17,0,62
3,929,38,16,1,75
4,891,44,15,0,75
5,859,43,15,0,70
6,827,43,14,0,66
7,799,53,12,0,49
8,756,54,13,1,66
9,721,53,17,0,55
10,675,61,16,0,58
11,624,61,19,0,66
12,576,66,18,1,58
13,521,64,20,0,68
0,981,29,9,0,42
1,970,38,11,1,54
2,945,47,12,0,65
3,922,43,18,0,68
4,888,56,22,2,57
5,847,63,21,0,72
6,813,61,24,1,65
7,780,58,25,0,64
8,734,59,31,0,65
9,690,64,37,0,56
10,648,70,38,0,54
11,604,72,41,1,56
12,566,68,42,0,56
13,526,62,41,1,59
0,985,28,8,0,40
1,979,34,10,0,53
2,968,35,16,0,54
3,938,47,18,0,63
4,900,57,19,0,69
5,867,60,19,0,67
6,822,63,18,2,74
7,786,70,19,2,55
8,741,72,22,1,65
9,708,72,24,1,53
10,646,71,28,1,77
11,612,71,30,0,50
12,579,65,28,1,55
13,537,57,33,0,58
0,983,29,10,0,39
1,975,39,11,1,51
2,947,44,14,0,70
3,919,53,15,0,65
4,876,60,18,0,75
5,828,71,17,0,75
6,800,68,22,0,59
7,788,61,24,1,45
8,762,58,30,0,49
9,724,53,36,1,59
10,672,61,34,0,65
11,619,60,33,0,73
12,576,65,33,0,53
13,526,68,33,0,60
0,990,24,7,0,40
1,987,29,12,0,48
2,952,39,13,0,74
3,925,53,11,0,62
4,893,62,13,1,62
5,853,64,16,1,71
6,823,69,18,1,55
7,795,72,21,1,50
8,753,78,26,0,57
9,721,76,30,1,52
10,673,78,31,0,64
11,614,82,33,2,69
12,573,73,40,1,57
13,540,72,35,3,49
0,981,34,7,0,39
1,973,35,9,0,60
2,955,40,10,0,62
3,934,47,11,0,60
4,910,49,17,0,58
5,881,59,17,0,56
6,840,62,20,0,68
7,803,63,26,0,59
8,767,62,28,0,61
9,723,70,29,0,58
10,672,77,33,0,59
11,618,81,34,0,67
12,573,84,33,1,57
13,549,71,39,1,43
0,993,25,6,0,37
1,978,29,7,0,65
2,962,37,9,0,56
3,929,44,9,0,73
4,882,51,13,0,78
5,834,55,13,0,81
6,816,52,15,0,52
7,778,53,19,0,62
8,741,56,21,1,57
9,700,55,23,0,63
10,654,60,27,0,56
11,609,57,29,0,64
12,558,61,30,1,60
13,506,66,33,0,57
0,979,26,8,0,48
1,981,27,13,0,47
2,963,33,17,0,58
3,904,49,19,0,88
4,867,60,21,0,66
5,833,70,25,0,57
6,815,72,23,0,51
7,792,74,22,0,51
8,756,75,23,0,60
9,711,73,21,0,72
10,682,69,23,0,50
11,632,62,24,2,72
12,582,59,27,0,65
13,545,61,27,0,48
0,968,25,8,0,60
1,972,32,8,1,43
2,962,40,11,0,49
3,938,48,10,1,63
4,900,53,13,0,72
5,869,51,13,0,70
6,839,50,21,0,56
7,809,55,25,0,50
8,762,60,24,0,69
9,725,62,23,1,58
10,676,65,26,1,61
11,625,76,27,0,57
12,560,81,31,1,70
13,512,76,35,0,62
0,972,29,7,0,53
1,976,35,9,0,43
2,955,40,11,1,63
3,923,51,13,0,66
4,880,59,16,1,73
5,847,60,17,1,67
6,811,63,21,1,61
7,783,56,29,0,56
8,748,56,30,0,60
9,709,56,33,1,58
10,669,62,30,0,56
11,621,63,31,1,63
12,559,71,28,0,72
13,517,70,30,0,54
0,972,29,9,0,51
1,969,33,12,0,51
2,953,40,14,0,57
3,920,46,14,2,72
4,890,44,17,0,71
5,853,54,16,0,65
6,824,64,14,0,54
7,791,67,17,0,56
8,746,71,22,1,61
9,706,68,27,0,61
10,651,74,28,0,67
11,621,61,31,2,56
12,576,57,29,4,62
13,528,60,26,0,61
0,983,28,9,0,41
1,972,36,10,0,57
2,962,40,11,0,55
3,928,40,15,0,77
4,892,47,19,0,67
5,846,60,18,0,71
6,819,69,14,1,54
7,783,70,16,1,61
8,748,65,19,0,63
9,723,60,19,0,53
10,677,55,26,0,63
11,628,56,26,0,66
12,570,65,28,0,62
13,516,71,28,0,61
0,985,32,6,1,37
1,974,46,7,0,51
2,935,53,8,0,81
3,907,57,10,1,68
4,879,67,13,0,57
5,852,69,14,0,61
6,823,70,19,0,56
7,803,63,19,0,56
8,765,58,24,0,64
9,728,66,26,0,50
10,680,67,27,1,64
11,633,67,28,1,63
12,581,64,36,0,62
13,544,66,36,0,48
0,981,23,12,0,45
1,979,26,16,0,50
2,949,35,18,0,69
3,928,43,21,0,57
4,893,45,22,0,74
5,853,52,24,0,68
6,822,62,25,0,53
7,800,59,29,0,50
8,751,63,30,2,68
9,710,65,31,0,61
10,652,73,31,0,69
11,611,78,31,1,53
12,574,69,35,0,57
13,539,65,39,0,48
0,992,25,8,0,36
1,978,30,12,0,60
2,949,39,13,0,69
3,927,50,14,0,57
4,890,58,17,0,68
5,837,59,21,0,85
6,809,54,29,0,58
7,784,65,27,0,45
8,763,69,28,0,42
9,720,67,35,0,61
10,668,78,33,0,62
11,620,76,32,0,69
12,576,73,35,0,59
13,527,66,40,0,64
0,988,23,8,0,42
1,986,29,7,0,52
2,962,36,13,1,60
3,937,46,17,0,58
4,891,59,18,0,74
5,869,58,17,0,61
6,839,60,19,0,59
7,803,66,20,1,57
8,768,65,24,1,57
9,731,66,27,1,55
10,684,63,35,0,61
11,619,68,41,0,72
12,558,68,49,1,67
13,515,64,50,0,59
0,981,24,7,0,49
1,975,31,9,0,52
2,968,35,12,0,50
3,934,45,15,0,68
4,913,54,20,0,49
5,878,64,22,0,60
6,845,70,23,0,59
7,811,72,25,0,59
8,768,71,22,1,72
9,722,75,25,0,62
10,676,76,25,0,64
11,625,71,30,0,69
12,583,63,33,1,61
13,535,66,36,1,54
0,979,33,8,0,41
1,968,43,9,0,55
2,940,44,13,0,73
3,902,51,17,0,74
4,861,59,20,0,72
5,828,58,24,0,67
6,801,60,25,0,57
7,782,57,28,0,48
8,759,53,27,0,54
9,708,53,34,1,66
10,654,54,37,0,69
11,585,70,32,0,76
12,537,72,32,1,60
13,502,73,34,0,45
0,980,33,8,0,40
1,963,41,9,0,63
2,944,42,12,1,64
3,919,48,17,1,60
4,874,60,16,0,76
5,843,61,19,1,63
6,801,66,21,0,68
7,767,65,24,1,60
8,734,71,22,1,54
9,690,76,26,0,58
10,650,74,27,1,59
11,612,69,31,0,57
12,556,65,33,0,73
13,517,61,41,0,48
0,972,31,9,1,48
1,968,33,11,0,55
2,954,34,13,1,60
3,939,43,11,0,55
4,901,50,12,0,72
5,866,61,13,0,60
6,831,66,13,0,63
7,796,71,16,1,55
8,772,63,23,1,50
9,723,58,27,0,73
10,654,71,27,0,75
11,599,83,26,0,62
12,567,75,26,1,54
13,526,74,32,0,49
0,978,24,9,0,50
1,970,29,11,0,56
2,959,37,11,0,53
3,938,44,19,0,53
4,890,50,20,0,83
5,871,53,21,0,52
6,835,63,23,0,57
7,790,71,25,1,63
8,766,64,31,0,51
9,725,57,34,0,68
10,664,61,37,1,72
11,588,72,41,0,79
12,543,74,40,0,59
13,507,75,40,2,46
0,978,26,8,0,49
1,954,40,9,0,64
2,955,42,11,0,45
3,917,50,14,0,74
4,892,56,14,1,60
5,854,55,18,0,72
6,834,58,17,0,51
7,803,54,21,0,60
8,757,55,22,0,70
9,720,51,27,0,59
10,670,53,31,1,62
11,619,56,34,0,63
12,564,67,31,2,60
13,525,61,40,0,49
0,992,26,7,0,36
1,984,32,9,1,54
2,979,34,10,0,52
3,946,39,13,0,72
4,905,53,12,0,70
5,872,59,11,0,65
6,848,55,14,0,58
7,819,62,16,0,49
8,776,72,16,0,59
9,738,71,18,3,57
10,692,78,20,0,56
11,644,77,22,1,64
12,589,76,27,1,65
13,539,72,29,2,63
0,980,24,8,0,49
1,984,31,8,0,44
2,978,41,9,0,45
3,939,51,11,0,74
4,905,58,10,0,70
5,877,60,11,1,61
6,843,58,11,0,69
7,814,55,17,0,55
8,778,61,17,0,56
9,726,67,21,0,65
10,658,71,24,0,80
11,606,72,28,0,65
12,577,70,32,0,42
13,528,70,28,0,66
0,992,22,8,0,39
1,985,33,8,0,51
2,972,31,16,0,57
3,940,36,21,0,69
4,908,41,21,0,69
5,865,54,21,0,67
6,846,59,18,1,49
7,820,59,20,0,53
8,794,56,19,1,55
9,753,52,24,0,63
10,706,51,26,0,65
11,655,54,28,0,64
12,592,57,34,1,68
13,547,67,34,0,48
0,995,23,8,0,35
1,1007,23,9,0,42
2,980,35,10,0,64
3,936,47,10,0,79
4,895,51,11,0,78
5,856,57,14,1,66
6,829,55,16,0,60
7,806,56,14,0,53
8,762,71,12,1,56
9,706,66,20,1,75
10,664,67,20,0,60
11,612,73,19,0,65
12,565,64,29,0,61
13,530,64,35,2,40
0,986,32,6,0,37
1,967,43,10,0,59
2,943,50,16,0,61
3,926,59,16,0,55
4,895,61,20,0,67
5,860,72,17,0,64
6,835,72,19,1,55
7,812,78,18,1,46
8,772,83,20,1,58
9,732,78,21,1,66
10,697,70,27,0,56
11,644,69,30,1,68
12,595,74,31,0,58
13,546,70,33,1,63
0,990,24,9,0,38
1,985,28,11,1,53
2,970,31,14,0,59
3,937,36,17,0,72
4,902,43,17,1,69
5,879,51,18,0,51
6,836,60,16,0,69
7,816,57,20,0,48
8,762,58,22,1,76
9,707,69,24,1,64
10,660,70,29,0,60
11,601,66,27,1,82
12,544,71,28,1,65
13,498,75,28,1,54
0,981,27,9,0,44
1,980,35,11,0,46
2,957,43,13,0,63
3,920,51,13,1,75
4,881,50,17,0,78
5,845,54,21,0,65
6,816,58,22,0,57
7,790,62,21,0,52
8,749,59,23,1,67
9,701,57,28,0,68
10,649,70,24,0,62
11,606,77,23,0,55
12,559,72,28,2,60
13,535,67,29,1,40
0,986,27,5,0,43
1,994,31,7,0,41
2,983,33,8,1,57
3,951,41,11,0,68
4,896,53,12,0,84
5,856,53,19,0,70
6,826,59,24,0,52
7,789,57,33,1,58
8,761,56,31,1,56
9,725,61,32,0,53
10,675,65,26,0,71
11,620,65,22,2,75
12,576,60,28,2,56
13,523,60,31,0,63
0,984,30,9,0,38
1,979,37,8,0,54
2,962,42,9,0,61
3,941,48,10,0,61
4,894,57,10,1,79
5,859,59,11,0,69
6,832,60,12,0,58
7,795,63,11,1,63
8,761,63,10,0,61
9,711,73,14,0,59
10,674,75,13,0,55
11,634,67,20,0,59
12,569,73,23,1,70
13,537,68,26,0,47
0,983,22,9,0,47
1,973,33,12,0,51
2,962,33,14,0,59
3,924,39,13,1,79
4,872,52,11,0,83
5,836,53,11,0,72
6,815,54,13,0,51
7,790,62,15,1,43
8,739,65,14,2,73
9,700,65,22,0,54
10,649,65,28,0,64
11,604,71,28,0,57
12,552,71,30,0,65
13,520,70,27,0,49
0,971,29,9,0,52
1,963,39,10,0,52
2,945,44,11,1,61
3,939,43,12,0,53
4,887,54,15,0,80
5,850,54,18,0,71
6,827,56,18,1,53
7,787,61,23,1,58
8,732,66,29,0,70
9,693,67,30,0,60
10,652,65,31,0,61
11,616,62,32,0,56
12,566,59,35,1,64
13,529,65,35,0,44
0,981,26,8,0,46
1,994,29,12,0,35
2,973,38,14,0,60
3,947,41,15,0,69
4,907,45,16,1,76
5,879,43,17,1,65
6,839,49,18,0,66
7,794,59,22,0,60
8,759,63,31,1,47
9,706,71,34,1,64
10,659,78,29,0,64
11,620,80,29,0,55
12,576,80,32,1,55
13,519,74,35,0,73
0,989,30,8,0,34
1,984,32,12,0,54
2,964,32,13,0,69
3,938,41,13,0,64
4,890,55,17,0,72
5,841,62,15,0,81
6,810,68,17,0,56
7,774,66,19,0,65
8,749,67,16,0,53
9,714,64,16,0,61
10,652,63,16,1,81
11,603,56,18,1,71
12,567,53,23,0,49
13,518,60,24,0,54
0,986,28,11,0,36
1,988,32,11,0,49
2,964,39,11,0,67
3,933,42,13,0,73
4,897,48,12,1,72
5,870,52,11,0,61
6,839,55,13,0,59
7,803,51,22,0,60
8,776,52,25,0,49
9,725,63,25,0,63
10,694,66,26,0,46
11,646,64,28,0,66
12,594,64,33,1,61
13,548,62,37,0,57
0,985,27,6,0,43
1,975,32,8,1,57
2,952,44,11,0,58
3,909,46,18,0,81
4,883,49,19,0,64
5,853,54,20,0,61
6,817,64,17,0,62
7,794,66,16,1,50
8,749,70,14,1,68
9,723,69,14,0,50
10,683,63,19,0,60
11,636,59,27,1,60
12,581,63,28,1,64
13,536,67,29,0,53
0,986,29,7,0,39
1,980,36,10,2,49
2,963,45,11,0,57
3,929,56,14,0,67
4,897,57,18,0,69
5,864,55,23,0,67
6,836,61,24,0,54
7,822,56,25,1,46
8,801,52,27,0,49
9,750,64,28,1,60
10,702,59,28,0,72
11,637,66,32,0,72
12,595,63,36,1,55
13,558,74,33,0,42
0,983,25,6,0,47
1,986,40,5,0,38
2,972,48,7,1,53
3,938,48,9,0,79
4,899,47,16,0,75
5,861,53,19,0,66
6,831,48,23,0,64
7,803,53,23,0,52
8,768,54,24,1,58
9,727,64,22,0,56
10,681,67,27,1,56
11,628,74,31,1,59
12,576,71,32,1,68
13,541,67,31,1,52
0,990,27,8,0,36
1,990,29,8,0,53
2,969,31,11,1,65
3,947,43,12,0,56
4,912,52,15,0,65
5,885,57,17,0,57
6,840,70,16,0,66
7,799,73,19,3,61
8,771,67,22,0,57
9,723,73,21,0,66
10,674,76,21,0,65
11,613,70,26,2,78
12,574,63,29,1,57
13,532,63,29,0,55
0,986,25,10,0,40
1,977,37,11,0,51
2,960,44,14,0,57
3,929,45,18,1,72
4,897,44,23,0,70
5,862,46,25,0,68
6,830,52,25,0,59
7,792,62,32,0,50
8,735,65,34,1,77
9,711,61,37,0,48
10,670,65,31,0,62
11,617,63,30,0,74
12,569,61,36,0,59
13,530,63,36,0,50
0,981,26,6,0,48
1,978,33,8,0,49
2,962,41,11,0,55
3,938,47,14,0,62
4,898,47,18,0,78
5,858,48,19,0,75
6,828,54,22,0,54
7,793,50,23,1,66
8,768,53,22,0,49
9,726,55,26,0,59
10,671,59,28,2,66
11,608,70,30,1,67
12,570,71,29,0,53
13,527,71,30,1,54
0,983,30,7,0,41
1,987,38,9,1,40
2,967,49,10,0,58
3,935,56,11,0,71
4,891,63,12,0,78
5,865,58,17,1,62
6,831,66,19,0,57
7,798,65,22,1,59
8,760,70,20,1,60
9,721,69,22,1,60
10,678,65,29,0,59
11,631,58,32,0,69
12,590,61,32,2,51
13,537,54,38,1,66
0,984,36,7,0,34
1,971,43,8,2,58
2,951,48,11,0,62
3,913,52,15,0,77
4,878,58,18,0,68
5,835,57,21,1,77
6,811,59,22,2,52
7,790,61,29,0,41
8,760,61,31,0,54
9,728,66,29,0,52
10,681,69,31,0,61
11,633,69,31,3,63
12,572,68,31,0,77
13,523,68,34,0,59
0,983,28,8,0,42
1,975,39,10,0,50
2,952,52,9,0,61
3,927,60,11,0,62
4,885,58,22,0,75
5,837,55,23,1,86
6,812,61,22,0,53
7,787,58,28,1,50
8,754,63,26,0,56
9,717,67,24,0,58
10,653,69,27,0,78
11,597,68,29,1,72
12,554,70,35,0,50
13,514,73,36,0,49
0,993,22,9,0,37
1,992,29,11,0,47
2,981,37,11,0,53
3,957,51,10,0,58
4,923,59,12,0,66
5,892,59,16,0,64
6,838,68,13,1,80
7,802,65,15,0,66
8,769,58,17,1,63
9,720,61,21,1,64
10,669,62,22,2,66
11,627,64,26,1,53
12,558,67,30,0,77
13,526,68,30,0,44
0,976,30,9,0,46
1,969,38,11,0,52
2,950,47,15,0,56
3,923,54,16,0,66
4,889,58,18,0,70
5,860,57,21,1,63
6,841,58,19,0,53
7,797,68,23,0,59
8,754,71,25,0,64
9,719,68,32,0,54
10,655,71,32,0,80
11,591,82,31,0,72
12,561,65,38,0,55
13,524,63,43,1,46
0,982,27,8,0,44
1,976,33,9,0,54
2,955,44,7,0,62
3,932,50,11,0,60
4,900,47,12,1,75
5,859,42,18,1,76
6,825,55,16,0,56
7,800,58,17,0,50
8,758,57,21,1,64
9,727,62,20,0,50
10,682,59,22,0,65
11,627,61,23,0,70
12,584,61,28,0,53
13,536,61,30,0,59
0,981,28,6,0,46
1,988,32,8,0,42
2,974,37,8,0,59
3,938,46,10,0,72
4,894,49,12,1,80
5,858,58,12,0,64
6,826,65,10,0,60
7,799,67,8,1,55
8,768,64,14,1,53
9,721,65,21,0,62
10,668,71,21,0,66
11,619,68,27,0,64
12,558,68,36,0,67
13,524,58,40,1,52
0,981,23,9,0,48
1,972,35,9,0,52
2,944,40,9,1,72
3,919,45,10,0,66
4,887,44,12,1,72
5,855,44,16,0,65
6,820,52,14,1,61
7,790,56,14,1,54
8,746,62,15,1,62
9,711,65,16,0,54
10,671,61,20,0,59
11,625,60,24,0,61
12,563,68,26,0,67
13,508,72,28,0,62
0,973,24,9,0,55
1,977,29,9,0,46
2,957,36,14,0,58
3,932,38,16,0,68
4,910,49,14,0,55
5,858,61,13,0,78
6,824,67,13,0,61
7,797,74,15,0,47
8,754,77,21,0,60
9,722,73,23,0,57
10,657,74,24,0,82
11,627,66,25,0,55
12,565,70,26,1,71
13,528,71,28,0,47
0,981,27,8,0,45
1,982,36,10,0,43
2,950,49,12,0,67
3,931,57,10,1,59
4,911,57,11,0,61
5,878,59,14,0,65
6,841,53,16,1,73
7,801,54,19,1,64
8,767,53,23,1,56
9,725,57,22,0,62
10,681,57,23,0,62
11,635,50,27,0,67
12,582,53,29,0,63
13,543,44,39,0,51
0,975,25,10,0,51
1,975,29,12,0,49
2,955,36,17,0,58
3,928,42,17,0,68
4,900,48,17,0,64
5,859,56,17,0,70
6,827,63,17,1,57
7,809,61,20,0,46
8,769,55,26,0,66
9,736,47,34,0,56
10,690,45,34,0,67
11,632,57,31,0,67
12,565,66,27,0,77
13,515,66,28,0,62
0,978,30,6,0,47
1,973,36,8,0,52
2,964,37,10,0,56
3,939,40,12,0,67
4,901,42,17,0,73
5,863,46,21,2,65
6,836,52,22,0,53
7,801,59,22,0,57
8,763,65,22,0,58
9,713,63,28,0,69
10,669,65,31,0,58
11,612,69,33,0,69
12,574,61,33,0,61
13,529,73,24,0,55
0,987,21,8,0,45
1,984,30,11,0,46
2,964,38,17,0,56
3,939,39,20,0,68
4,900,49,23,1,67
5,849,65,22,1,72
6,815,73,21,0,60
7,789,72,22,0,55
8,758,69,24,1,57
9,727,61,29,0,57
10,668,65,34,0,69
11,631,68,30,0,56
12,579,71,33,1,60
13,530,73,36,2,55
0,983,26,9,0,43
1,982,35,8,0,48
2,964,41,10,0,60
3,917,48,14,0,83
4,895,51,14,0,61
5,862,51,13,2,69
6,839,58,22,0,40
7,808,44,32,0,64
8,780,45,31,0,54
9,740,60,24,0,55
10,701,63,23,0,56
11,640,69,19,0,77
12,574,74,22,1,72
13,547,68,25,0,43
0,978,26,10,0,47
1,961,31,14,0,63
2,948,37,15,0,56
3,921,39,21,0,66
4,893,38,26,2,64
5,852,42,25,2,73
6,822,50,24,0,56
7,809,48,22,0,46
8,774,55,21,0,55
9,718,66,21,0,68
10,664,73,22,0,65
11,610,70,22,0,75
12,563,78,23,1,52
13,533,77,29,0,38
0,977,29,8,0,47
1,976,37,8,0,48
2,958,44,9,0,60
3,924,48,13,0,73
4,904,51,15,0,57
5,867,55,17,0,68
6,831,57,20,0,64
7,793,63,18,0,63
8,759,63,22,0,56
9,702,72,22,0,71
10,661,77,19,0,58
11,612,81,24,0,58
12,570,74,28,0,60
13,535,68,28,2,52
0,977,26,9,0,49
1,967,30,11,0,59
2,947,42,11,0,58
3,906,48,13,0,80
4,892,58,13,0,46
5,840,61,15,2,82
6,795,60,20,0,74
7,773,63,19,1,48
8,731,67,17,2,64
9,692,67,21,1,57
10,658,60,29,0,52
11,608,55,35,1,66
12,566,55,35,1,56
13,524,62,34,1,48
0,981,27,9,0,44
1,979,28,10,0,55
2,963,32,11,0,61
3,937,38,12,0,66
4,903,50,15,1,60
5,877,50,18,0,60
6,841,53,16,1,67
7,809,62,17,0,51
8,766,71,21,1,55
9,736,66,25,0,54
10,692,64,25,1,64
11,649,62,29,0,59
12,602,65,30,0,58
13,536,74,28,0,72
0,976,24,12,0,49
1,967,34,13,0,53
2,958,43,15,0,48
3,930,49,17,1,66
4,899,54,19,0,66
5,856,64,17,0,72
6,817,63,19,0,71
7,787,62,19,0,60
8,738,61,17,0,78
9,700,57,22,1,59
10,642,58,26,0,72
11,607,55,30,0,52
12,579,52,28,0,48
13,530,66,27,0,49
0,976,35,7,1,42
1,969,39,11,0,54
2,953,43,15,0,58
3,920,51,16,0,71
4,891,62,16,1,59
5,867,62,22,1,54
6,843,66,24,1,50
7,807,71,26,0,58
8,768,76,27,1,58
9,732,74,31,1,56
10,687,72,30,0,67
11,634,76,29,1,67
12,586,73,31,1,63
13,552,65,31,1,54
0,974,33,5,1,48
1,986,38,7,0,36
2,960,50,9,0,62
3,925,64,9,0,68
4,893,63,13,0,71
5,846,62,14,1,83
6,833,58,14,1,49
7,812,65,14,0,43
8,777,63,14,1,62
9,730,61,20,0,66
10,688,53,25,1,63
11,635,56,28,0,65
12,584,56,30,0,64
13,550,48,32,1,52
0,986,25,8,2,40
1,957,38,10,1,68
2,942,46,11,0,56
3,912,46,13,0,75
4,876,55,13,0,69
5,844,54,14,0,69
6,831,55,12,0,47
7,804,50,13,1,59
8,759,51,20,0,63
9,714,47,27,1,64
10,659,50,28,0,70
11,617,58,29,0,51
12,576,53,33,0,57
13,538,50,34,0,53
0,982,27,8,0,44
1,975,35,13,0,49
2,966,40,14,1,52
3,930,47,14,0,76
4,901,58,12,0,62
5,849,53,18,0,88
6,813,57,18,0,65
7,774,64,22,0,57
8,754,63,24,1,44
9,709,65,27,0,63
10,675,58,33,2,52
11,634,61,29,0,60
12,595,57,30,0,57
13,546,63,25,1,60
0,989,23,8,0,41
1,992,25,12,0,46
2,975,31,12,0,61
3,947,36,15,0,67
4,903,48,15,0,74
5,856,54,18,0,75
6,818,56,17,0,70
7,782,57,21,1,59
8,750,60,22,0,54
9,721,59,23,0,52
10,674,58,21,0,69
11,615,61,22,1,72
12,567,69,22,0,55
13,516,73,26,1,55
0,993,23,9,0,36
1,985,31,11,0,53
2,952,42,11,0,72
3,924,40,17,0,71
4,889,57,14,0,63
5,843,59,15,0,80
6,819,50,20,1,60
7,801,55,22,0,40
8,778,51,23,0,52
9,731,58,25,1,60
10,682,67,21,1,62
11,626,78,19,0,65
12,586,70,21,1,60
13,535,76,21,1,57
0,977,29,10,0,45
1,968,35,14,0,54
2,959,36,17,0,55
3,918,50,17,0,74
4,887,56,23,0,61
5,851,58,28,0,66
6,804,58,30,0,78
7,767,69,31,0,54
8,747,65,34,0,47
9,707,63,39,0,60
10,674,66,35,1,52
11,628,75,32,1,57
12,577,72,34,0,67
13,539,66,34,0,57
0,987,29,9,0,36
1,989,34,12,0,45
2,973,38,13,0,61
3,932,52,11,0,76
4,901,58,8,0,70
5,858,61,15,0,70
6,820,55,20,0,72
7,797,55,24,2,46
8,769,60,25,0,48
9,733,63,26,0,55
10,674,71,22,0,74
11,619,67,25,2,72
12,580,68,29,0,49
13,545,65,29,0,51
0,980,30,8,0,43
1,979,34,9,0,51
2,958,39,15,0,60
3,929,51,15,0,64
4,896,53,15,0,73
5,852,57,14,1,77
6,816,66,14,0,60
7,795,61,21,1,47
8,753,70,20,0,60
9,709,69,24,0,64
10,660,70,26,0,65
11,612,70,27,1,64
12,572,64,33,0,55
13,534,68,34,0,46
0,992,25,8,0,36
1,989,28,10,0,53
2,959,39,12,0,67
3,926,48,13,1,69
4,905,50,15,0,59
5,865,54,13,0,75
6,833,57,16,0,59
7,805,49,22,0,59
8,766,54,23,0,59
9,711,59,26,0,70
10,649,66,27,1,72
11,605,67,31,0,57
12,578,63,33,0,44
13,526,69,35,1,56
0,985,26,8,0,42
1,977,29,11,0,57
2,967,33,12,0,55
3,927,43,16,0,73
4,902,47,17,0,62
5,874,48,17,0,64
6,842,54,16,0,60
7,811,51,18,0,61
8,769,54,20,1,62
9,727,60,23,0,56
10,676,64,21,0,68
11,619,70,21,0,69
12,575,75,23,0,52
13,526,75,24,0,61
0,984,26,9,0,42
1,979,29,11,0,55
2,960,35,17,0,57
3,932,44,20,1,62
4,905,47,21,0,65
5,875,60,17,0,58
6,850,68,16,0,51
7,830,69,20,1,43
8,767,73,22,1,82
9,723,69,27,1,65
10,677,70,31,0,60
11,634,66,34,0,62
12,575,79,31,0,64
13,531,84,29,0,54
0,979,23,9,0,50
1,991,26,11,0,38
2,973,33,12,0,60
3,929,38,12,0,86
4,886,54,14,0,67
5,853,62,14,1,61
6,812,63,15,1,71
7,778,65,18,0,58
8,733,66,18,2,68
9,690,71,20,0,59
10,636,74,24,1,65
11,591,76,27,0,58
12,571,69,30,0,39
13,530,74,31,0,48
0,995,28,9,1,28
1,989,43,7,0,48
2,980,48,7,0,54
3,950,54,11,0,67
4,925,59,12,1,60
5,873,70,14,0,76
6,838,78,15,0,59
7,796,79,16,1,68
8,766,69,19,1,62
9,725,74,23,0,55
10,670,75,27,2,67
11,615,76,35,2,62
12,572,74,37,0,58
13,522,73,38,1,62
0,974,26,10,0,51
1,966,28,13,0,58
2,960,32,17,0,48
3,932,42,19,0,63
4,883,54,21,0,77
5,847,60,22,0,66
6,808,62,22,1,69
7,791,65,22,0,43
8,758,64,26,1,55
9,714,65,29,1,62
10,654,73,30,0,70
11,600,72,35,0,68
12,560,65,38,1,58
13,513,63,39,1,60
0,974,26,12,0,49
1,959,36,14,0,58
2,935,45,17,0,62
3,902,53,19,0,70
4,869,63,19,0,65
5,846,63,17,0,62
6,826,59,16,2,56
7,813,61,18,1,37
8,782,61,19,0,56
9,741,56,24,1,63
10,695,59,25,0,61
11,646,64,23,0,64
12,594,57,31,1,65
13,540,55,36,0,64
0,993,26,6,0,36
1,999,34,7,0,40
2,965,44,7,0,74
3,932,53,13,0,65
4,908,54,17,0,61
5,873,58,16,1,68
6,845,65,15,1,54
7,811,65,23,1,54
8,772,66,26,0,61
9,717,70,30,1,69
10,682,70,31,0,53
11,636,71,32,0,62
12,596,76,29,0,53
13,547,71,32,1,63
0,986,28,7,0,40
1,978,35,8,1,54
2,949,43,9,0,70
3,929,46,12,0,61
4,879,58,9,0,83
5,843,59,11,0,70
6,808,60,17,0,61
7,780,51,22,0,61
8,746,57,24,1,51
9,706,57,30,0,57
10,663,54,32,0,63
11,620,62,31,0,54
12,573,68,29,1,57
13,521,70,31,0,61
0,969,30,11,0,51
1,972,43,10,0,40
2,937,49,13,1,75
3,918,50,14,2,62
4,881,63,12,0,68
5,855,59,17,0,62
6,830,61,20,0,53
7,802,62,22,0,54
8,770,62,26,0,54
9,727,59,34,0,61
10,676,65,40,0,58
11,631,63,39,0,66
12,580,67,30,1,70
13,539,69,27,0,55
0,997,18,10,0,36
1,999,22,15,0,44
2,984,31,16,0,55
3,946,44,16,0,72
4,892,55,16,0,85
5,865,49,21,0,65
6,831,56,17,1,63
7,793,65,22,0,53
8,755,59,26,0,66
9,699,66,27,0,71
10,653,70,26,0,62
11,611,70,29,0,57
12,583,64,31,0,47
13,530,64,32,1,64
0,982,23,7,0,49
1,982,32,9,1,43
2,964,40,10,0,59
3,938,45,13,0,65
4,886,48,15,0,89
5,847,50,22,0,67
6,807,50,24,0,71
7,772,59,21,0,58
8,739,63,21,0,55
9,702,64,22,1,57
10,646,64,27,1,69
11,602,66,23,0,64
12,562,63,25,0,56
13,523,56,25,1,58
0,970,32,6,0,53
1,962,37,8,1,55
2,953,39,13,0,52
3,920,47,16,0,69
4,891,56,18,2,58
5,851,57,19,0,75
6,830,59,20,0,51
7,790,63,25,0,60
8,762,62,23,2,55
9,722,63,27,1,57
10,684,65,27,0,55
11,638,60,32,1,63
12,572,60,36,0,77
13,521,61,37,0,62
0,979,24,10,0,48
1,974,36,11,0,47
2,956,44,13,0,58
3,927,47,19,0,67
4,886,62,18,0,69
5,850,65,20,0,68
6,825,62,23,1,57
7,798,61,25,1,54
8,774,64,25,0,47
9,733,62,32,1,58
10,687,61,31,0,67
11,639,57,37,0,64
12,588,61,36,0,63
13,547,62,40,2,47
0,970,36,10,0,45
1,964,44,12,0,51
2,951,44,18,0,57
3,922,50,20,0,68
4,884,52,23,0,75
5,859,52,22,0,63
6,834,58,19,0,55
7,807,52,24,1,56
8,771,51,30,0,57
9,711,62,30,0,72
10,674,69,31,0,48
11,629,67,30,0,66
12,591,64,32,0,54
13,547,67,31,0,55
0,985,28,7,1,40
1,969,37,10,0,59
2,959,42,12,0,53
3,942,44,14,0,60
4,918,53,15,0,56
5,883,59,18,0,63
6,846,65,18,0,64
7,813,67,20,0,58
8,784,69,19,0,54
9,729,72,23,0,71
10,683,70,29,1,60
11,649,62,35,1,53
12,598,56,41,1,65
13,557,60,41,0,50
0,988,27,8,0,38
1,985,30,10,0,53
2,968,42,10,0,55
3,935,56,12,0,64
4,901,60,21,0,63
5,869,70,21,1,58
6,840,81,19,2,51
7,803,73,27,0,66
8,773,65,30,0,61
9,740,62,31,0,58
10,692,58,29,0,73
11,634,56,33,0,74
12,592,58,34,1,53
13,546,57,31,1,62
0,976,23,7,0,55
1,952,34,6,0,69
2,947,34,10,0,51
3,915,38,12,1,72
4,890,46,15,0,56
5,847,50,17,0,74
6,809,50,21,0,67
7,786,55,23,0,45
8,741,56,32,0,61
9,708,54,33,2,55
10,662,59,35,0,58
11,612,65,35,0,62
12,557,69,37,0,64
13,517,80,33,0,46
0,983,24,13,0,41
1,971,26,14,1,63
2,955,37,15,0,54
3,925,40,17,0,72
4,882,54,20,0,68
5,853,65,17,0,58
6,809,76,15,0,68
7,788,79,14,0,48
8,762,79,16,1,49
9,718,79,19,0,64
10,669,79,21,1,65
11,632,79,27,0,49
12,606,83,26,0,38
13,545,90,30,1,62
0,973,28,12,0,48
1,973,35,13,0,47
2,949,44,13,0,65
3,914,51,15,2,71
4,880,56,18,1,67
5,852,60,18,1,60
6,818,62,21,0,62
7,787,65,24,0,54
8,756,61,25,0,60
9,710,59,28,0,68
10,666,62,27,1,60
11,609,66,29,0,69
12,564,70,28,0,57
13,507,67,28,2,71
0,988,23,11,0,39
1,987,30,15,0,45
2,964,36,17,0,65
3,918,42,19,0,85
4,873,48,23,0,77
5,840,53,26,0,62
6,805,58,24,1,64
7,774,59,23,1,59
8,743,63,24,0,52
9,707,64,27,0,55
10,655,70,27,0,65
11,606,64,33,0,67
12,567,67,30,0,54
13,534,60,32,2,49
0,991,24,10,0,36
1,997,30,12,0,41
2,965,45,13,0,66
3,941,50,10,0,69
4,904,54,12,0,73
5,852,54,17,0,84
6,834,55,20,0,47
7,796,60,24,0,58
8,752,64,29,0,61
9,716,68,27,0,57
10,674,69,28,1,58
11,627,72,32,0,58
12,573,77,31,1,64
13,539,80,28,1,46
0,979,35,8,0,39
1,975,41,9,0,52
2,955,46,13,0,61
3,933,56,13,0,59
4,866,65,18,1,94
5,842,63,19,0,62
6,805,61,21,0,70
7,773,61,24,0,58
8,746,62,23,0,53
9,704,62,25,1,62
10,663,68,27,0,52
11,626,57,31,0,62
12,573,56,35,0,65
13,531,54,38,1,53
0,981,26,7,0,47
1,969,32,9,0,59
2,952,44,11,0,53
3,929,60,10,1,54
4,896,70,9,0,66
5,859,70,16,0,67
6,831,70,23,0,54
7,795,69,28,1,60
8,753,67,33,0,65
9,704,68,38,1,65
10,657,73,38,0,61
11,623,69,43,1,50
12,571,69,48,1,61
13,532,70,46,0,53
0,979,30,8,0,44
1,965,41,9,0,57
2,963,46,9,0,47
3,951,48,8,1,57
4,910,49,11,0,79
5,866,56,13,0,72
6,832,60,15,0,61
7,810,58,18,0,50
8,767,64,17,2,62
9,730,63,21,0,57
10,685,61,26,0,61
11,638,61,27,1,63
12,577,62,29,1,72
13,533,66,29,0,53
0,991,32,6,0,32
1,995,35,6,0,48
2,979,35,8,0,64
3,955,44,10,0,60
4,921,44,17,0,69
5,871,54,19,0,75
6,831,60,19,0,67
7,790,62,18,0,69
8,743,77,16,0,60
9,708,70,19,0,62
10,658,72,21,1,64
11,601,76,22,1,69
12,546,72,25,0,71
13,507,70,26,2,51
0,989,27,7,0,38
1,978,33,7,0,60
2,957,36,8,1,66
3,934,42,11,0,61
4,895,46,11,0,77
5,865,51,14,0,59
6,836,57,16,1,53
7,800,57,23,0,58
8,749,61,27,0,69
9,713,63,28,0,56
10,658,75,28,0,62
11,596,76,32,2,73
12,549,78,31,0,61
13,513,76,27,1,54
0,988,26,7,0,40
1,981,32,10,0,53
2,949,38,16,0,70
3,922,46,14,0,68
4,887,57,15,0,65
5,842,64,17,0,73
6,810,72,18,0,56
7,782,73,18,0,56
8,748,63,18,1,69
9,714,59,21,1,57
10,676,54,22,0,61
11,625,58,19,1,67
12,573,54,21,1,68
13,522,65,21,0,53
0,989,23,7,0,42
1,988,27,12,1,46
2,963,36,11,0,67
3,930,40,10,0,77
4,886,48,20,0,68
5,848,57,24,1,61
6,813,59,25,1,64
7,784,62,27,0,53
8,762,55,33,0,49
9,738,50,36,0,49
10,683,51,37,1,71
11,628,57,35,0,69
12,563,58,38,2,74
13,529,65,37,1,40
0,998,25,8,0,30
1,997,29,13,0,47
2,976,40,14,0,59
3,943,51,10,2,71
4,914,53,10,1,68
5,880,57,13,0,64
6,840,61,19,0,63
7,823,55,21,1,49
8,782,46,25,1,71
9,744,50,26,0,56
10,687,58,28,0,66
11,640,59,32,1,59
12,584,77,31,1,53
13,541,84,33,0,47
0,973,26,9,0,53
1,979,29,13,0,42
2,964,37,13,0,57
3,938,45,19,0,59
4,910,53,20,0,61
5,886,57,20,0,57
6,846,68,15,0,67
7,804,65,19,0,70
8,769,64,24,0,57
9,731,58,29,1,61
10,676,67,29,0,65
11,630,67,29,1,63
12,569,69,31,1,71
13,520,70,31,2,59
0,983,29,8,0,41
1,986,33,13,0,43
2,973,38,15,0,56
3,942,44,16,1,70
4,892,58,16,0,78
5,844,64,17,2,76
6,820,73,17,0,48
7,799,72,20,0,48
8,769,74,20,1,53
9,711,77,27,0,71
10,668,80,27,1,58
11,625,67,37,0,64
12,571,65,42,1,65
13,549,55,46,0,41
0,992,20,8,0,41
1,994,25,8,1,47
2,976,34,10,0,57
3,940,42,14,0,71
4,905,52,16,0,65
5,870,63,15,0,62
6,832,68,19,0,62
7,795,71,27,0,55
8,761,69,29,1,59
9,726,64,33,1,58
10,683,65,33,2,59
11,630,67,34,2,66
12,562,73,34,0,77
13,521,72,39,0,50
0,973,27,7,0,54
1,976,34,10,0,42
2,955,45,12,0,58
3,927,52,16,1,63
4,908,54,19,0,56
5,869,63,20,0,66
6,836,64,25,0,60
7,793,64,26,0,71
8,754,61,28,0,66
9,724,54,33,0,55
10,673,56,36,1,64
11,631,55,39,1,57
12,572,67,34,0,67
13,519,83,27,0,57
0,998,28,8,0,27
1,987,33,9,0,60
2,968,38,11,0,62
3,941,38,15,0,70
4,899,47,16,0,74
5,858,55,14,1,71
6,825,53,20,4,58
7,798,54,24,0,51
8,765,61,22,0,54
9,716,64,23,0,68
10,663,54,29,0,76
11,611,55,31,0,67
12,573,54,33,0,52
13,526,62,30,0,55
0,986,27,8,0,40
1,981,30,10,0,55
2,960,41,12,0,58
3,925,51,12,0,72
4,877,63,15,1,74
5,848,64,18,0,62
6,826,62,27,0,48
7,802,72,28,0,42
8,745,75,30,0,78
9,704,74,32,0,63
10,660,71,41,0,57
11,619,70,40,0,61
12,572,72,37,0,63
13,537,69,38,1,49
0,986,29,10,0,36
1,975,34,13,0,58
2,961,37,14,0,60
3,925,50,15,0,69
4,888,63,14,0,67
5,842,73,16,0,71
6,803,78,21,1,61
7,775,81,22,0,53
8,748,79,22,1,54
9,719,75,24,0,54
10,683,74,25,0,55
11,647,67,31,1,54
12,591,71,33,1,64
13,540,76,33,0,59
0,989,17,12,0,43
1,989,26,13,0,45
2,968,33,17,0,60
3,945,36,20,0,64
4,908,40,24,0,71
5,858,53,22,0,76
6,820,56,28,0,62
7,789,61,29,1,53
8,760,61,28,0,56
9,711,65,29,0,67
10,668,63,33,0,60
11,624,64,36,0,58
12,570,68,37,0,64
13,527,71,38,1,51
0,987,24,9,0,41
1,982,25,15,1,52
2,960,33,18,0,61
3,930,41,17,0,70
4,884,56,15,0,75
5,841,63,20,0,68
6,806,62,22,1,66
7,783,61,21,1,53
8,736,61,25,0,69
9,693,65,25,0,62
10,650,66,29,0,57
11,592,75,28,0,68
12,544,72,33,1,60
13,505,74,29,0,54
0,984,27,9,0,41
1,987,25,10,0,53
2,952,32,12,0,76
3,911,42,15,0,75
4,882,53,18,1,56
5,831,64,19,0,76
6,802,71,18,0,56
7,782,67,15,0,56
8,755,66,18,0,51
9,738,56,21,0,47
10,686,57,20,1,70
11,630,54,25,0,72
12,581,55,27,0,61
13,531,66,28,0,51
0,982,24,10,0,45
1,982,29,10,0,50
2,970,34,14,0,53
3,903,52,18,1,91
4,871,61,19,1,63
5,843,66,18,1,60
6,817,69,22,0,52
7,789,75,22,1,50
8,757,72,25,0,58
9,722,64,34,0,57
10,671,70,37,1,60
11,604,74,40,0,78
12,549,83,37,0,64
13,516,81,40,0,45
0,981,25,7,0,48
1,963,45,5,1,54
2,942,55,7,1,58
3,915,53,11,0,72
4,882,52,14,0,73
5,849,61,11,0,64
6,820,66,13,0,55
7,797,60,15,0,56
8,767,61,19,0,51
9,730,59,21,0,60
10,681,57,29,1,61
11,630,61,29,1,64
12,584,64,29,1,57
13,530,68,34,0,58
0,983,28,7,0,43
1,984,36,10,0,43
2,969,41,11,0,59
3,933,39,15,0,81
4,906,43,15,0,65
5,876,51,17,0,57
6,824,56,18,1,78
7,799,58,18,1,51
8,757,57,17,1,69
9,728,60,16,1,49
10,690,53,24,0,56
11,643,50,27,0,65
12,599,59,30,0,47
13,553,60,31,0,57
0,968,26,8,0,59
1,962,30,9,0,56
2,943,38,12,0,58
3,908,49,16,0,67
4,882,55,17,0,61
5,850,65,17,1,58
6,827,63,20,0,55
7,803,65,20,0,51
8,758,69,24,0,63
9,716,70,29,0,59
10,671,79,30,0,54
11,621,79,31,0,67
12,563,81,38,2,62
13,523,76,40,0,56
0,991,28,9,0,33
1,984,31,13,0,55
2,958,39,10,0,71
3,922,50,10,0,72
4,895,51,15,0,63
5,858,57,19,0,64
6,833,53,27,0,54
7,809,57,28,2,46
8,772,57,24,0,67
9,735,57,29,0,55
10,673,67,26,0,74
11,632,68,26,1,57
12,579,69,28,1,64
13,534,64,28,0,63
0,994,26,12,0,29
1,990,31,14,0,52
2,984,35,14,0,52
3,942,44,17,0,77
4,910,45,19,0,71
5,869,55,18,1,68
6,836,59,22,0,58
7,795,64,23,3,61
8,755,61,25,0,67
9,730,64,25,0,45
10,685,64,29,0,60
11,633,65,30,0,68
12,583,66,33,1,60
13,532,74,35,0,54
0,975,27,8,0,51
1,971,27,12,0,55
2,955,33,16,0,56
3,930,38,19,0,64
4,883,48,19,0,79
5,845,52,20,0,70
6,816,57,22,0,55
7,792,62,21,1,48
8,749,71,23,0,58
9,705,75,30,0,56
10,647,72,36,1,73
11,612,67,40,1,53
12,565,60,46,0,63
13,528,67,39,0,50
0,969,29,11,0,52
1,957,36,19,0,52
2,935,45,22,0,60
3,912,53,25,0,59
4,895,54,23,2,58
5,847,61,21,2,78
6,828,67,21,0,46
7,791,71,25,0,58
8,754,66,27,0,66
9,720,65,33,0,52
10,658,72,32,0,75
11,615,78,31,1,55
12,572,81,28,0,58
13,524,83,28,0,59
0,982,27,9,1,42
1,983,34,12,0,44
2,964,41,15,0,59
3,923,58,18,1,67
4,890,64,21,1,65
5,847,67,19,0,79
6,821,78,18,0,49
7,782,80,23,0,61
8,741,81,24,0,65
9,707,77,27,0,58
10,654,76,28,0,72
11,614,76,32,1,53
12,584,75,29,0,49
13,540,76,33,0,52
0,979,29,9,0,44
1,982,30,9,1,50
2,957,36,13,0,65
3,930,47,13,1,62
4,882,51,19,0,80
5,858,51,19,1,60
6,827,57,16,1,60
7,792,59,14,1,63
8,753,54,16,0,68
9,710,55,23,0,58
10,654,59,26,0,68
11,611,62,24,0,60
12,574,62,19,3,54
13,519,64,23,0,62
0,985,28,8,0,40
1,965,38,10,0,63
2,944,44,13,0,62
3,919,54,12,0,63
4,885,62,14,0,66
5,846,57,15,0,80
6,820,59,20,0,52
7,786,65,24,0,53
8,745,66,26,0,64
9,715,58,30,2,55
10,661,55,36,0,70
11,627,61,37,0,45
12,556,68,37,2,77
13,503,78,32,0,61
0,977,25,9,0,50
1,979,27,12,0,48
2,941,39,13,0,75
3,909,49,16,0,66
4,881,55,13,0,67
5,841,71,8,1,65
6,819,78,8,0,48
7,795,79,12,0,48
8,765,73,18,1,55
9,734,69,24,0,52
10,680,79,22,0,65
11,644,70,28,1,56
12,601,57,31,1,67
13,557,57,29,0,59
0,985,26,7,0,43
1,980,37,8,0,48
2,961,45,13,0,56
3,937,50,13,0,66
4,886,64,13,0,79
5,856,65,14,0,65
6,827,68,13,0,60
7,806,61,15,0,55
8,771,59,17,0,61
9,734,61,21,0,54
10,682,69,24,0,60
11,630,64,31,3,65
12,578,70,33,1,58
13,536,71,34,0,53
0,976,19,11,0,55
1,986,28,12,0,35
2,960,35,14,0,67
3,925,41,18,0,72
4,879,47,21,1,78
5,852,51,18,1,62
6,818,61,18,0,57
7,789,66,18,0,53
8,762,62,20,0,55
9,704,74,22,1,66
10,652,75,26,0,66
11,615,62,33,0,61
12,580,63,32,0,50
13,534,62,34,0,58
0,976,35,7,1,42
1,972,41,11,0,49
2,956,46,13,0,59
3,938,50,16,0,58
4,887,59,17,0,83
5,864,58,20,1,57
6,828,60,22,1,64
7,806,54,25,1,53
8,785,58,21,1,46
9,733,59,25,0,70
10,683,59,30,2,62
11,633,63,31,0,63
12,573,59,34,2,74
13,528,68,26,1,56
0,978,29,11,1,42
1,976,35,9,0,53
2,955,43,12,0,60
3,926,50,14,0,67
4,896,48,18,0,70
5,855,58,20,0,66
6,840,60,19,1,46
7,808,54,23,0,63
8,769,56,26,0,60
9,716,63,23,0,72
10,670,62,25,1,63
11,626,59,24,2,64
12,589,65,25,0,45
13,554,65,26,0,47
0,982,21,9,0,49
1,967,31,9,1,59
2,952,33,12,0,60
3,931,39,15,0,59
4,884,56,18,0,69
5,839,67,17,0,72
6,811,67,15,0,63
7,780,70,16,0,56
8,742,66,18,0,66
9,707,67,18,0,57
10,664,63,25,0,59
11,627,66,25,1,51
12,587,69,30,0,47
13,541,71,29,0,58
0,975,28,9,0,49
1,978,38,10,0,41
2,967,43,13,0,53
3,933,52,13,0,72
4,886,60,13,0,81
5,855,62,11,0,68
6,822,71,13,0,55
7,782,70,17,0,66
8,756,68,22,1,48
9,709,72,24,0,64
10,660,74,24,0,66
11,611,77,28,0,60
12,571,74,31,0,55
13,507,78,34,1,69
0,973,25,8,0,55
1,977,31,8,1,44
2,955,36,14,0,61
3,934,39,15,1,63
4,897,50,13,0,70
5,864,55,14,0,64
6,824,56,22,0,64
7,796,59,25,0,51
8,754,60,25,0,67
9,703,57,29,0,73
10,657,55,35,0,61
11,600,65,32,0,68
12,564,73,29,0,46
13,541,69,27,0,42
0,987,30,8,0,36
1,971,38,11,0,60
2,954,48,13,0,55
3,919,61,13,2,67
4,889,71,16,0,59
5,876,67,17,0,53
6,850,66,16,1,60
7,833,61,22,0,45
8,789,64,23,1,65
9,733,64,26,0,76
10,681,71,29,0,61
11,616,82,31,0,70
12,575,83,33,2,51
13,526,82,32,1,63
0,994,24,7,0,36
1,989,23,7,0,61
2,953,32,13,0,71
3,927,46,13,0,59
4,894,51,12,0,71
5,853,59,10,0,72
6,817,66,13,2,57
7,786,66,13,1,59
8,748,72,12,0,59
9,716,63,12,0,64
10,665,72,13,0,60
11,609,67,19,0,73
12,568,65,23,0,54
13,536,64,26,0,43
0,977,24,8,0,52
1,977,33,12,0,42
2,949,43,13,0,67
3,933,41,14,0,64
4,893,51,19,0,67
5,856,55,20,0,69
6,811,65,17,0,71
7,782,68,21,2,49
8,749,65,24,0,59
9,698,68,25,0,70
10,669,62,34,1,44
11,610,71,30,0,72
12,573,62,41,0,50
13,527,66,40,0,56
0,983,29,10,0,39
1,983,33,12,0,49
2,966,39,16,0,57
3,948,43,19,0,58
4,907,55,18,1,71
5,867,60,14,0,76
6,817,61,18,2,76
7,791,64,22,0,48
8,762,70,23,0,48
9,702,68,25,1,82
10,656,61,32,2,63
11,602,70,29,0,66
12,557,68,33,0,58
13,520,65,36,0,50
0,974,33,5,0,49
1,974,42,9,0,42
2,947,48,13,0,67
3,910,54,12,1,78
4,876,58,10,1,73
5,855,47,17,1,61
6,819,50,19,0,64
7,790,51,21,0,55
8,748,55,23,0,62
9,708,48,22,0,71
10,654,57,25,0,61
11,612,50,27,0,65
12,565,50,30,0,59
13,528,52,28,1,49
0,989,24,11,0,37
1,982,33,9,0,55
2,960,39,9,0,66
3,926,42,13,1,73
4,875,48,18,0,82
5,849,44,28,1,56
6,828,49,26,0,51
7,804,52,24,0,52
8,752,52,32,0,70
9,705,56,33,0,65
10,664,56,35,0,58
11,617,61,36,0,59
12,561,63,40,2,63
13,518,67,43,0,49
0,987,34,9,0,31
1,967,40,13,0,65
2,952,40,14,0,64
3,924,44,14,0,71
4,910,47,15,0,52
5,875,53,14,0,67
6,857,49,15,1,53
7,808,53,15,1,73
8,777,58,21,0,46
9,737,60,21,0,61
10,704,42,31,1,59
11,654,54,29,0,58
12,596,56,33,0,67
13,547,67,30,0,54
0,983,29,9,0,40
1,980,37,10,0,49
2,959,44,11,0,63
3,944,47,12,0,58
4,922,50,17,0,56
5,885,50,17,1,73
6,854,52,18,0,61
7,817,57,21,1,57
8,772,68,21,0,60
9,732,68,27,0,57
10,686,70,29,1,60
11,640,63,28,1,71
12,602,60,25,3,56
13,570,57,26,0,47
0,981,25,8,0,47
1,985,28,10,1,45
2,958,37,12,0,66
3,923,47,12,0,72
4,891,55,13,1,64
5,849,58,14,1,74
6,816,53,18,0,67
7,786,61,15,0,54
8,751,66,13,1,57
9,706,63,16,0,68
10,661,64,19,0,60
11,616,58,22,0,66
12,567,57,28,0,59
13,539,59,26,1,40
0,982,28,9,0,42
1,987,34,13,0,40
2,955,46,14,0,69
3,923,54,16,2,67
4,882,62,17,0,74
5,851,54,29,0,64
6,825,56,31,0,55
7,797,47,35,0,62
8,760,51,33,0,61
9,716,55,37,0,59
10,661,61,38,1,66
11,620,67,33,0,58
12,568,66,33,1,67
13,536,66,31,0,47
0,984,30,11,0,36
1,971,40,12,1,56
2,951,50,12,0,60
3,930,55,9,0,66
4,903,57,10,0,66
5,868,57,10,1,71
6,840,55,14,0,59
7,811,58,15,0,54
8,762,63,21,1,63
9,714,69,25,0,61
10,662,72,31,0,62
11,612,76,34,0,61
12,570,73,34,0,60
13,539,69,34,1,47
0,975,31,9,0,46
1,958,40,10,0,62
2,950,43,12,0,53
3,928,46,14,0,64
4,900,56,12,0,62
5,873,61,15,0,56
6,835,69,15,0,63
7,804,76,14,0,54
8,769,64,22,1,64
9,727,65,23,1,62
10,679,65,26,1,63
11,619,69,29,0,71
12,571,71,30,0,60
13,538,66,32,0,49
0,977,33,7,0,44
1,982,39,6,1,44
2,956,43,9,0,69
3,923,50,13,0,69
4,898,51,16,0,63
5,889,51,14,2,46
6,860,51,12,1,63
7,817,54,19,0,62
8,781,55,18,0,62
9,747,53,19,0,58
10,676,64,22,0,76
11,642,56,24,0,58
12,590,59,23,0,65
13,545,60,21,1,58
0,976,26,9,0,50
1,970,30,10,0,56
2,948,38,10,0,64
3,918,43,13,0,69
4,891,53,11,1,60
5,857,62,11,0,62
6,832,61,12,0,58
7,803,63,19,0,49
8,776,66,19,0,50
9,741,66,19,0,58
10,685,72,24,0,64
11,622,66,28,0,83
12,558,71,30,0,72
13,523,60,36,3,50
0,983,27,7,0,44
1,983,25,11,0,53
2,958,30,15,0,66
3,939,38,16,0,57
4,892,46,21,0,76
5,857,54,19,0,66
6,823,63,19,0,58
7,792,63,25,1,53
8,743,72,22,1,68
9,706,75,22,0,57
10,657,80,25,1,59
11,620,78,26,0,56
12,582,71,33,1,52
13,531,71,40,0,57
0,968,28,9,0,56
1,959,39,12,0,50
2,947,46,14,0,53
3,897,50,19,0,88
4,869,49,21,0,69
5,850,60,16,0,50
6,828,55,18,0,58
7,795,52,19,0,64
8,764,57,20,0,51
9,734,56,23,0,51
10,685,54,25,0,68
11,625,60,24,1,72
12,581,61,24,1,57
13,555,62,27,0,35
0,973,31,8,0,49
1,973,31,10,0,53
2,958,39,12,0,55
3,922,55,14,0,65
4,903,55,14,0,61
5,857,62,18,0,72
6,834,72,19,0,45
7,807,72,16,0,59
8,774,59,21,0,67
9,748,61,24,0,44
10,682,68,25,0,77
11,631,62,31,0,69
12,590,59,30,0,60
13,548,65,33,0,46
0,988,26,8,0,39
1,977,30,11,0,59
2,958,36,13,0,61
3,942,41,15,0,56
4,910,55,15,0,60
5,854,61,14,0,88
6,822,58,15,0,67
7,790,59,20,0,55
8,772,58,20,0,45
9,727,59,29,0,58
10,679,59,32,1,63
11,626,62,32,0,68
12,584,66,29,1,55
13,545,61,30,0,56
0,990,22,9,0,40
1,986,28,11,0,51
2,963,36,14,0,62
3,941,42,15,0,62
4,895,47,18,0,80
5,849,61,19,1,67
6,823,60,24,2,53
7,790,62,26,2,56
8,749,64,27,0,64
9,716,57,33,0,57
10,666,61,37,0,61
11,602,66,42,0,72
12,562,67,42,0,54
13,525,73,43,0,43
0,982,23,8,1,47
1,976,32,10,1,49
2,953,44,11,0,60
3,915,54,16,0,70
4,873,60,18,1,75
5,841,58,20,0,69
6,820,60,20,0,52
7,812,59,19,0,39
8,776,63,18,0,59
9,732,62,20,0,66
10,677,67,23,0,66
11,619,69,28,0,69
12,561,61,38,1,70
13,520,70,38,0,45
0,978,28,7,0,48
1,974,33,9,0,52
2,950,42,11,0,63
3,923,49,13,0,65
4,895,54,19,1,58
5,843,59,20,0,83
6,809,66,22,0,58
7,791,71,21,0,43
8,765,70,23,1,50
9,722,68,29,0,62
10,686,68,24,0,60
11,637,70,29,0,60
12,587,71,30,0,63
13,539,77,29,1,55
0,978,25,8,0,50
1,988,32,9,0,37
2,977,36,11,0,55
3,951,43,12,0,65
4,904,43,14,1,86
5,866,49,15,0,68
6,827,51,20,0,65
7,781,55,22,1,68
8,746,57,22,0,59
9,707,62,24,0,55
10,660,69,29,0,54
11,608,72,28,0,68
12,562,67,32,2,60
13,522,61,36,0,55
0,973,26,7,0,55
1,980,29,7,0,45
2,956,37,8,0,65
3,916,44,12,0,76
4,888,48,15,0,63
5,849,58,14,0,67
6,823,58,16,0,57
7,800,63,19,0,44
8,768,63,22,0,55
9,736,69,21,0,50
10,686,65,26,0,68
11,634,65,31,0,65
12,584,55,37,1,68
13,550,59,31,0,49
0,986,21,10,0,44
1,983,31,10,0,48
2,984,41,9,0,40
3,938,54,12,1,76
4,889,60,12,0,85
5,857,61,12,0,68
6,830,59,12,1,61
7,797,61,15,2,55
8,768,55,20,0,56
9,729,55,19,0,63
10,689,56,21,2,54
11,626,63,20,1,74
12,573,60,22,0,69
13,527,63,21,0,57
0,986,25,8,0,42
1,988,30,10,1,45
2,959,40,11,0,68
3,927,41,11,2,76
4,912,42,14,0,53
5,864,51,16,0,74
6,829,57,16,0,62
7,786,57,15,0,73
8,749,58,19,0,58
9,711,49,23,1,65
10,657,50,27,1,67
11,586,63,26,1,76
12,537,58,32,2,61
13,501,62,32,0,45
0,985,24,6,0,46
1,979,30,10,0,51
2,961,36,11,0,61
3,930,44,9,0,72
4,884,51,16,0,74
5,856,51,18,0,63
6,830,51,16,1,60
7,802,50,16,0,58
8,766,52,20,0,56
9,728,45,25,0,63
10,679,47,26,0,65
11,622,49,28,0,71
12,562,59,27,0,66
13,529,63,28,0,41
0,984,23,9,0,45
1,981,31,11,0,48
2,965,36,12,0,60
3,917,47,15,0,81
4,880,59,16,0,66
5,843,72,16,1,60
6,810,76,15,0,63
7,774,72,21,0,63
8,742,72,20,0,59
9,708,66,25,0,58
10,672,64,28,0,54
11,630,69,28,1,54
12,569,71,28,2,72
13,527,72,29,0,53
0,970,27,7,0,57
1,968,33,9,1,48
2,955,38,11,0,56
3,930,46,10,1,64
4,887,54,15,0,72
5,860,57,17,1,58
6,830,63,15,1,58
7,796,60,25,1,55
8,751,61,27,0,68
9,706,69,28,0,59
10,651,76,28,1,66
11,606,72,34,0,61
12,568,71,34,0,54
13,530,66,39,0,51
